tower_id,hour,active_users,bandwidth_usage,latency,packet_loss,signal_strength,congestion
0,0,409.4326802551798,247.25268169330826,22.472526816933083,0.24725268169330827,93.56305294490615,0
0,1,316.85535185606193,228.20979157532742,22.282097915753276,0.22820979157532742,87.72264091149403,0
0,2,408.6207689020714,318.00840162225586,23.18008401622256,0.31800840162225585,94.26390150949341,1
0,3,361.51215200408774,263.75373930587403,22.63753739305874,0.26375373930587404,97.64930713526515,0
0,4,301.6462791362952,189.1809465713849,21.89180946571385,0.1891809465713849,94.86056208963642,0
0,5,403.48440952514983,283.62418255043167,22.836241825504317,0.28362418255043165,81.13277613234821,0
0,6,398.29267315655545,280.2054620367258,22.802054620367258,0.2802054620367258,77.7960283733811,0
0,7,307.41028658885654,173.83508137785086,21.73835081377851,0.17383508137785086,91.18701251777829,0
0,8,510.1336694185276,287.55611190331746,22.875561119033176,0.2875561119033175,83.47539695922691,0
0,9,476.3883613760353,245.23886366168645,22.452388636616863,0.24523886366168646,81.20300178131014,0
0,10,465.451414362377,340.9016032937985,23.409016032937984,0.3409016032937985,84.56872819670626,1
0,11,507.25840832898984,340.207254752123,23.40207254752123,0.340207254752123,90.66543113053504,1
0,12,322.437230656964,248.61726753586726,22.486172675358674,0.24861726753586727,85.98813695307707,0
0,13,322.384466578164,194.60419237694052,21.946041923769407,0.19460419237694052,76.89502745253901,0
0,14,336.26945236964116,256.9857616299101,22.5698576162991,0.2569857616299101,73.69848351319062,0
0,15,377.90381503890495,278.6491481799939,22.78649148179994,0.2786491481799939,96.2596153840851,0
0,16,346.1878063540939,222.63654745322964,22.226365474532297,0.22263654745322964,76.9247228388395,0
0,17,369.11949945060474,283.8393799739751,22.83839379973975,0.2838393799739751,95.43509317409843,0
0,18,313.9543116117373,167.11550402547937,21.671155040254792,0.16711550402547937,86.03843839562084,0
0,19,663.8762226179954,474.26829857443335,24.742682985744334,0.47426829857443337,76.47396237555884,1
0,20,598.4300192219233,409.65265733878385,24.096526573387838,0.40965265733878387,83.67497718844311,1
0,21,573.107721858497,323.67931275251726,23.23679312752517,0.32367931275251727,88.25433980341595,1
0,22,717.7813837313105,444.46591910401276,24.444659191040127,0.44446591910401273,98.1830564345305,1
0,23,735.2473384623958,428.0024747856676,24.280024747856675,0.42800247478566755,87.17754465258149,1
0,24,342.8991440122138,186.6084244304511,21.86608424430451,0.1866084244304511,73.14465422328027,0
0,25,399.859765352279,226.2936677077671,22.262936677077672,0.2262936677077671,79.79201775459546,0
0,26,309.41646077325385,246.09898789110994,22.4609898789111,0.24609898789110995,91.84190649958454,0
0,27,356.66826323414165,195.02480968332614,21.95024809683326,0.19502480968332614,88.6932264899938,0
0,28,389.3074140610502,296.5241626024538,22.96524162602454,0.29652416260245384,73.8815822217721,0
0,29,331.211624468141,205.47592528906685,22.05475925289067,0.20547592528906686,94.30200581505224,0
0,30,378.53328430464916,292.97166033219355,22.929716603321936,0.2929716603321936,72.41111546651327,0
0,31,314.0090494303301,202.72594906942595,22.02725949069426,0.20272594906942595,77.30555956981853,0
0,32,454.5965810819022,240.36505761623704,22.40365057616237,0.24036505761623703,87.51686813340359,0
0,33,495.4312869879449,268.9687558216189,22.68968755821619,0.2689687558216189,90.24532372613828,0
0,34,514.585464457829,344.850220589805,23.448502205898052,0.344850220589805,99.8723531422809,1
0,35,497.20692734515814,322.0644078181226,23.220644078181227,0.3220644078181226,73.24892527962714,1
0,36,336.2275149520837,249.2123085881463,22.492123085881463,0.2492123085881463,83.04070484366929,0
0,37,308.3838083520579,205.72493574099602,22.057249357409958,0.205724935740996,88.77712711363439,0
0,38,350.85727163767257,212.52225841709517,22.125222584170952,0.21252225841709518,92.52972184044576,0
0,39,300.1847000058487,239.8108986249681,22.39810898624968,0.2398108986249681,96.57858496948302,0
0,40,312.81415619037836,160.80063374954563,21.608006337495457,0.16080063374954562,80.04593459856667,0
0,41,307.16724096123835,202.16338663553694,22.02163386635537,0.20216338663553693,86.00208201080287,0
0,42,321.8031052346386,198.4083623737037,21.984083623737035,0.1984083623737037,93.75793021945863,0
0,43,732.1985165914464,513.7895956273295,25.137895956273294,0.5137895956273295,72.06751437052944,1
0,44,619.0174590956082,452.14135606546523,24.52141356065465,0.45214135606546524,86.35045598883961,1
0,45,653.2806248597374,459.4070125281864,24.594070125281863,0.4594070125281864,85.86266027987348,1
0,46,659.1779244793998,520.9803045078859,25.209803045078857,0.5209803045078859,78.76143602207239,1
0,47,569.504107102086,394.78464491675714,23.94784644916757,0.39478464491675713,80.66307768454735,1
0,48,403.85382162007306,210.4684253658899,22.1046842536589,0.21046842536588992,70.20023012812945,0
0,49,304.7412228918151,211.213499575527,22.11213499575527,0.21121349957552701,73.09385778991462,0
0,50,311.9051198191945,173.983345262776,21.73983345262776,0.173983345262776,72.9297382138876,0
0,51,339.7038193860405,237.70293323257957,22.377029332325797,0.23770293323257957,82.77566385194649,0
0,52,347.909396330359,205.2335937601989,22.05233593760199,0.2052335937601989,72.57211782653718,0
0,53,379.165331482426,237.64061113247263,22.376406111324727,0.23764061113247262,90.30919619888066,0
0,54,380.8782195032015,276.28290962398796,22.76282909623988,0.27628290962398794,84.29751628872009,0
0,55,340.70638782374624,219.72870280384407,22.197287028038442,0.21972870280384407,81.96464436956249,0
0,56,480.4071716716928,275.55786407766186,22.75557864077662,0.27555786407766186,93.7015189619092,0
0,57,497.1469265317147,391.6424208521445,23.916424208521445,0.39164242085214446,75.46094630074744,1
0,58,457.56881250388864,359.7931469928748,23.59793146992875,0.35979314699287485,88.08521566211166,1
0,59,513.7199492250535,298.40401620061243,22.984040162006124,0.2984040162006124,90.7126696052596,0
0,60,355.4886240242105,223.0112412165838,22.230112412165838,0.2230112412165838,96.16284652540347,0
0,61,410.79123889209643,302.07558403248635,23.020755840324863,0.30207558403248636,80.35732096958766,1
0,62,369.5271227867743,270.8106158199671,22.70810615819967,0.27081061581996707,81.29788450864861,0
0,63,368.24671303570597,207.68946316438004,22.0768946316438,0.20768946316438006,91.22500552091311,0
0,64,340.23161301566887,212.0742463881681,22.12074246388168,0.2120742463881681,73.82744955021118,0
0,65,331.47485429195115,183.34490453424368,21.833449045342437,0.18334490453424368,88.85654290478307,0
0,66,335.05365736230306,186.44939214536888,21.86449392145369,0.18644939214536888,78.68344004144801,0
0,67,612.9318355795119,486.4840005844816,24.864840005844815,0.4864840005844816,99.14508769758164,1
0,68,578.9143925349858,334.8879555782352,23.348879555782354,0.3348879555782352,71.90893862601725,1
0,69,691.1333979256272,539.407001330665,25.39407001330665,0.539407001330665,77.0246968519257,1
0,70,608.3507954637488,456.16029607876425,24.561602960787642,0.45616029607876424,72.09539873311373,1
0,71,688.157952408808,458.85043082488596,24.588504308248858,0.45885043082488597,86.62810283986248,1
0,72,388.58533343256136,292.75885096683555,22.927588509668354,0.29275885096683557,75.17401020075606,0
0,73,324.2468543592641,236.41618502314554,22.364161850231454,0.23641618502314554,94.18505540742817,0
0,74,333.7780201737323,210.33912457952513,22.10339124579525,0.21033912457952514,83.52707995047554,0
0,75,300.9532902031328,212.56568736719277,22.12565687367193,0.21256568736719278,90.73639043025894,0
0,76,319.6510738143175,164.15038721318504,21.64150387213185,0.16415038721318503,89.0641308531516,0
0,77,307.081163551646,207.70149468495453,22.077014946849545,0.20770149468495452,90.22044431361917,0
0,78,368.9958299133131,189.39142808176572,21.893914280817658,0.18939142808176573,79.82460824694252,0
0,79,304.0090219026439,221.4551624461794,22.214551624461794,0.2214551624461794,82.8692242498942,0
0,80,517.5717902063258,320.9843117194299,23.2098431171943,0.3209843117194299,96.72384719351969,1
0,81,503.24049749493906,316.50473744502017,23.165047374450204,0.31650473744502017,86.72726418773196,1
0,82,521.1348848955113,387.67781798316247,23.876778179831625,0.3876778179831625,75.15265153991095,1
0,83,465.5270850516288,236.65460785416482,22.36654607854165,0.2366546078541648,71.8096796686208,0
0,84,337.6446388939705,179.5490506272018,21.795490506272017,0.1795490506272018,86.46872712536285,0
0,85,379.02913737765346,231.48926818820647,22.314892681882064,0.23148926818820648,98.63371856585883,0
0,86,332.9609732559407,247.30074108826082,22.47300741088261,0.24730074108826083,88.4491822423992,0
0,87,318.63910627445136,195.3178335100041,21.95317833510004,0.19531783351000412,85.31154779619126,0
0,88,336.81032968129523,177.03758889418643,21.770375888941864,0.17703758889418642,80.96193613271187,0
0,89,310.2238777349546,191.55892815439597,21.91558928154396,0.19155892815439596,98.39313360508747,0
0,90,390.4872564442101,310.8231341712069,23.10823134171207,0.3108231341712069,81.32003860580713,1
0,91,628.447128063694,499.4101798612381,24.99410179861238,0.4994101798612381,77.03002074359429,1
0,92,578.522911693111,358.66782026892264,23.586678202689228,0.35866782026892263,85.97904964189884,1
0,93,645.135461927196,455.6903335037794,24.556903335037795,0.4556903335037794,83.24463969960902,1
0,94,588.9961508600275,465.6679767688446,24.656679767688445,0.4656679767688446,93.38005957950664,1
0,95,585.4985310506693,428.31177603506706,24.28311776035067,0.42831177603506704,86.98970315287833,1
0,96,332.77348268604703,168.0286515994063,21.680286515994062,0.16802865159940628,92.44874934999925,0
0,97,371.0660583661388,186.76068891949845,21.867606889194985,0.18676068891949846,99.94505659371353,0
0,98,305.3481725786998,229.05896919708286,22.29058969197083,0.22905896919708285,70.87764220923972,0
0,99,310.34555854524575,164.05811995030146,21.640581199503014,0.16405811995030145,71.04690275062825,0
0,100,362.5295197256946,225.21777781957417,22.25217777819574,0.22521777781957417,86.15724284737902,0
0,101,363.88273054298855,271.25879129144977,22.712587912914497,0.27125879129144975,87.76119409323272,0
0,102,380.8585166232659,263.7533314457346,22.637533314457347,0.2637533314457346,73.69991141844032,0
0,103,339.0008850695558,238.8185169343639,22.38818516934364,0.2388185169343639,77.60474913150036,0
0,104,464.9172339456444,264.4426637770412,22.64442663777041,0.26444266377704123,93.86309705661985,0
0,105,495.4509797968305,349.109705445567,23.491097054455672,0.34910970544556696,72.77953580928526,1
0,106,451.03777854598883,318.106521989318,23.18106521989318,0.31810652198931805,90.88536269849014,1
0,107,510.05823071315797,260.5254504150619,22.60525450415062,0.2605254504150619,77.10723689099355,0
0,108,401.3144057593788,313.289137390983,23.13289137390983,0.313289137390983,91.02860606794638,1
0,109,402.11755194251157,272.3650031783704,22.723650031783706,0.27236500317837037,76.4203390569325,0
0,110,400.2100723711477,234.5917457684769,22.34591745768477,0.2345917457684769,97.67878567212446,0
0,111,300.46805613506854,193.1938247569958,21.93193824756996,0.1931938247569958,90.25428454110713,0
0,112,376.814119369982,218.9992127189802,22.189992127189804,0.2189992127189802,70.11066451606429,0
0,113,405.9568776541855,254.4951017315775,22.544951017315775,0.2544951017315775,90.94136294209486,0
0,114,351.09452933811406,245.09846209543898,22.45098462095439,0.24509846209543898,73.51285223679318,0
0,115,672.4929141976739,380.40683576880815,23.80406835768808,0.3804068357688081,78.22555970248455,1
0,116,639.6726531994253,438.9487604125798,24.389487604125797,0.4389487604125798,99.06668396356511,1
0,117,622.1294578233956,434.4287160386162,24.344287160386163,0.4344287160386162,75.06865650969814,1
0,118,667.33678334981,347.59305768156923,23.475930576815692,0.34759305768156923,72.20155216373409,1
0,119,588.3172373836819,321.18240454013664,23.211824045401364,0.32118240454013663,91.316369645781,1
0,120,301.1439747650459,161.9816482986007,21.619816482986007,0.1619816482986007,89.1060081137168,0
0,121,310.62545774914884,209.3741046248974,22.093741046248972,0.2093741046248974,83.07872314759376,0
0,122,375.17381817188584,297.7276551166087,22.977276551166085,0.29772765511660865,82.28564855982188,0
0,123,317.0058733538268,237.33590305667633,22.373359030566764,0.23733590305667632,73.89774295579699,0
0,124,324.88238301465697,252.16463355690945,22.521646335569095,0.25216463355690943,82.73278607947204,0
0,125,358.3518108248019,194.38310619616533,21.943831061961653,0.19438310619616533,74.67605041894114,0
0,126,369.2066943933553,286.9501818014562,22.869501818014562,0.2869501818014562,91.77009702462735,0
0,127,383.2193060276944,241.04458595234527,22.410445859523453,0.24104458595234526,91.54743711209404,0
0,128,480.0112863994308,314.4897554402652,23.144897554402654,0.3144897554402652,96.81404981307352,1
0,129,458.20809141205035,363.45240411354285,23.63452404113543,0.36345240411354285,79.43571874256826,1
0,130,481.03820596443643,377.2282174093675,23.772282174093675,0.3772282174093675,93.52221658109418,1
0,131,514.3380024196664,398.32228898435034,23.983222889843503,0.39832228898435035,93.15617756648193,1
0,132,341.252806720384,198.76016068086807,21.98760160680868,0.19876016068086808,95.15134328754007,0
0,133,361.4037102876154,265.0557329614636,22.650557329614635,0.2650557329614636,76.68821046803947,0
0,134,398.7436146373918,280.3043802189904,22.803043802189904,0.2803043802189904,75.6409336842789,0
0,135,317.62135162286,226.47655622649552,22.264765562264955,0.2264765562264955,86.50345941401848,0
0,136,323.402415813701,220.61664402227123,22.206166440222713,0.22061664402227124,72.2633702715205,0
0,137,338.3270831180734,224.97889107448322,22.249788910744833,0.2249788910744832,98.15425979576044,0
0,138,383.7300963967491,231.94382690563475,22.31943826905635,0.23194382690563475,77.34733458539166,0
0,139,705.6238468812402,403.6990089288477,24.036990089288476,0.4036990089288477,74.13810071082945,1
0,140,734.9024800924835,386.175756504549,23.86175756504549,0.386175756504549,88.9646219424939,1
0,141,568.8446412315163,451.25620225815436,24.512562022581545,0.4512562022581544,86.74565246238414,1
0,142,647.4278366975863,484.3344567441995,24.843344567441996,0.4843344567441995,92.02324036083803,1
0,143,593.5827624616825,300.56323070817916,23.00563230708179,0.30056323070817914,85.8787360139214,1
0,144,300.54216826592403,188.52643990880725,21.885264399088072,0.18852643990880724,74.90884482885136,0
0,145,334.0960105535401,246.27147166192677,22.462714716619267,0.24627147166192676,93.51415228125862,0
0,146,349.66997750121914,197.19191863118814,21.971919186311883,0.19719191863118815,90.60618373621455,0
0,147,403.9221747455979,319.1316166944232,23.191316166944233,0.3191316166944232,85.1355562478282,1
0,148,325.9212950645384,177.89764473476475,21.77897644734765,0.17789764473476474,88.27899943397979,0
0,149,384.71719102100604,300.17868876921494,23.00178688769215,0.30017868876921494,72.92146840023518,1
0,150,324.79058904351484,198.38355155039983,21.983835515503998,0.19838355155039983,78.17796098489728,0
0,151,321.85800110566436,189.68397778239614,21.89683977782396,0.18968397778239615,76.33367115818714,0
0,152,462.29337904490706,279.073497064543,22.79073497064543,0.279073497064543,76.79171568119659,0
0,153,492.8024342054007,249.27216298239162,22.492721629823915,0.24927216298239163,80.04244816927361,0
0,154,476.08123190992677,376.5459907503819,23.765459907503818,0.3765459907503819,72.51962258140142,1
0,155,457.9366869773901,326.93612345372503,23.26936123453725,0.326936123453725,70.8406137831205,1
0,156,380.9302017000647,226.46806301182883,22.26468063011829,0.22646806301182884,73.29218781005666,0
0,157,357.09037997790443,223.8049819528696,22.238049819528698,0.2238049819528696,96.19140360128675,0
0,158,376.2529229842271,208.24920829965484,22.08249208299655,0.20824920829965485,77.39679577924898,0
0,159,394.9629824657772,216.60565761235813,22.16605657612358,0.21660565761235812,94.26705848059228,0
0,160,338.4472571745507,212.10327167764504,22.12103271677645,0.21210327167764503,79.54296819052882,0
0,161,363.74616511236655,270.68139400171196,22.70681394001712,0.270681394001712,82.02013746626405,0
0,162,311.30451095319603,185.81230436853863,21.858123043685385,0.18581230436853863,86.79706936995116,0
0,163,585.3959701761826,300.50079841463673,23.005007984146367,0.3005007984146367,86.5687440485504,1
0,164,576.059013233364,358.51891242301394,23.58518912423014,0.3585189124230139,85.10959196040143,1
0,165,712.8188854136558,505.1942416599651,25.05194241659965,0.5051942416599651,79.44310699900916,1
0,166,723.6948903487203,406.4504862356134,24.064504862356134,0.4064504862356134,93.91805143407262,1
0,167,699.7566464967214,495.75272044610665,24.957527204461066,0.49575272044610663,90.26066393690041,1
1,0,451.23140188424946,329.5220128498132,23.295220128498134,0.3295220128498132,77.69738985279886,1
1,1,517.9946896503111,411.6371893367162,24.116371893367162,0.41163718933671617,77.1120708237868,1
1,2,425.25000222344244,303.4041028889818,23.034041028889817,0.3034041028889818,74.67131827309629,1
1,3,424.700474755407,223.10470957014562,22.231047095701456,0.2231047095701456,90.37612553171249,0
1,4,531.5407617010155,344.42483956855017,23.444248395685502,0.3444248395685502,84.73733506852611,1
1,5,543.9678413051896,359.7302117283815,23.597302117283814,0.3597302117283815,82.54188083531686,1
1,6,496.5901144036736,387.77088057235784,23.87770880572358,0.3877708805723578,79.07208888280783,1
1,7,461.27945224029946,302.7187713575933,23.027187713575934,0.3027187713575933,80.78520344223502,1
1,8,606.8167763744672,310.8373703243081,23.108373703243082,0.3108373703243081,71.15089696066129,1
1,9,627.6027578913407,421.17632281845346,24.211763228184534,0.42117632281845346,91.75573947172983,1
1,10,594.4515280007407,316.13968976509364,23.16139689765094,0.31613968976509366,76.7814333981185,1
1,11,645.628140167325,324.4717695468325,23.244717695468324,0.3244717695468325,71.61732029523375,1
1,12,528.0055678590722,366.40456120099344,23.664045612009936,0.36640456120099346,73.26659761627656,1
1,13,501.34036257084017,278.0347510130011,22.78034751013001,0.27803475101300107,76.11397760845196,0
1,14,433.56591046518037,244.78095660875798,22.447809566087578,0.24478095660875798,97.87870324152685,0
1,15,519.7930202239479,283.20220826748806,22.832022082674882,0.28320220826748804,86.6889182050251,0
1,16,492.1968985811981,356.1978063044073,23.561978063044073,0.35619780630440734,84.7867572136532,1
1,17,453.2724060293108,361.63412116748253,23.616341211674825,0.36163412116748256,90.18310634120527,1
1,18,452.87868891057104,258.3248560143136,22.583248560143137,0.2583248560143136,93.44930577425889,0
1,19,755.6389761590286,425.66299487800694,24.25662994878007,0.42566299487800696,77.87298486426403,1
1,20,766.4256572787228,385.20196112177405,23.85201961121774,0.3852019611217741,78.68336069887098,1
1,21,953.0586423252439,703.0166352497822,27.030166352497822,0.7030166352497822,88.06513900856845,1
1,22,834.7676475869184,447.6123405528511,24.47612340552851,0.4476123405528511,87.22494870124576,1
1,23,925.9576030762466,713.0619243667984,27.130619243667983,0.7130619243667984,85.70883222164105,1
1,24,492.58595112011466,353.5356933517673,23.535356933517672,0.35353569335176727,89.22200195954414,1
1,25,399.2510195864366,279.84233820248045,22.798423382024804,0.27984233820248045,80.53790894584647,0
1,26,449.1537616493656,323.9508549077733,23.239508549077733,0.3239508549077733,83.4570791141739,1
1,27,435.9864959901587,238.42151623787532,22.38421516237875,0.23842151623787533,81.67971762189694,0
1,28,406.3579355440991,313.2852306285607,23.132852306285606,0.31328523062856073,86.1119068858185,1
1,29,488.84925769487546,314.06593811212133,23.140659381121214,0.31406593811212136,93.63599116451205,1
1,30,465.08576707577424,305.4001540020366,23.054001540020366,0.3054001540020366,70.64419294256179,1
1,31,500.67061030506954,339.1452473655054,23.391452473655054,0.3391452473655054,95.16839522409103,1
1,32,686.9586557243991,422.2411261765556,24.222411261765558,0.4222411261765556,85.82531847320888,1
1,33,635.4841672138863,435.85167178604286,24.35851671786043,0.43585167178604284,83.91141912016732,1
1,34,627.3433773243287,336.8867246539759,23.368867246539757,0.3368867246539759,70.97928562483378,1
1,35,595.8481242186718,355.24446959922,23.5524446959922,0.35524446959922,70.97039842526573,1
1,36,541.9646716969662,285.3774803704863,22.853774803704862,0.28537748037048627,89.67898226250354,0
1,37,509.8546121583559,297.5013980043123,22.975013980043123,0.2975013980043123,84.21487027502741,0
1,38,479.9976447506903,285.3560761553086,22.853560761553087,0.28535607615530856,83.63629202233899,0
1,39,418.30644600155034,284.15554118311815,22.84155541183118,0.28415554118311814,96.98250861330318,0
1,40,534.3537069876651,285.3026559414351,22.853026559414353,0.2853026559414351,72.36146272218541,0
1,41,446.08791445938164,250.37656524217596,22.50376565242176,0.25037656524217594,74.34960366362509,0
1,42,530.0084742928764,321.7657251994388,23.21765725199439,0.3217657251994388,76.25434868666898,1
1,43,861.9425131685194,622.6422604026152,26.22642260402615,0.6226422604026152,79.09310020236758,1
1,44,848.0981431141015,446.00101755212455,24.460010175521244,0.44600101755212457,74.63482562460568,1
1,45,849.188503500231,596.2111963505375,25.962111963505375,0.5962111963505375,79.51451037157855,1
1,46,977.0011855889455,621.1181786111506,26.211181786111506,0.6211181786111506,91.64378613888516,1
1,47,901.4621582535938,665.2892163231274,26.652892163231275,0.6652892163231274,74.78985204839067,1
1,48,472.26545592662296,307.11079912236994,23.0711079912237,0.30711079912236994,93.01432355338784,1
1,49,441.4052316687259,322.16393581411495,23.22163935814115,0.32216393581411495,89.3803588143664,1
1,50,465.19516572828314,239.40956536212323,22.394095653621232,0.23940956536212324,74.00728070267117,0
1,51,481.187345196044,282.21469935961943,22.822146993596196,0.2822146993596194,84.12708856527144,0
1,52,441.51576477426744,272.2592028784552,22.722592028784554,0.2722592028784552,85.95063915413884,0
1,53,465.7735002789889,333.581727729832,23.335817277298318,0.33358172772983197,97.18796858155505,1
1,54,427.55604733776227,238.31996386602074,22.38319963866021,0.23831996386602075,77.3979526799434,0
1,55,509.8530827134553,272.561453588095,22.72561453588095,0.27256145358809497,96.33203675182581,0
1,56,611.817458107359,454.4231190052511,24.54423119005251,0.4544231190052511,90.59225489447113,1
1,57,607.6772256271656,467.37217382980623,24.673721738298063,0.4673721738298062,96.91666950754338,1
1,58,659.2110648331028,462.3225637317276,24.623225637317276,0.4623225637317276,72.88281103725394,1
1,59,675.4616015255094,539.7772915437346,25.397772915437347,0.5397772915437345,75.49708820151854,1
1,60,482.2385862814781,285.7856585167706,22.857856585167706,0.28578565851677057,79.43760591790469,0
1,61,496.8304173840828,385.3268291340514,23.853268291340513,0.3853268291340514,92.24643168687908,1
1,62,506.49907194104696,343.8368008733668,23.43836800873367,0.3438368008733668,87.04917398147695,1
1,63,459.8836902960256,336.9970557419445,23.369970557419446,0.3369970557419445,76.83584836197394,1
1,64,447.9013171391455,283.9314258387786,22.839314258387788,0.28393142583877856,95.19406344867046,0
1,65,509.7132714938426,330.67626096887847,23.306762609688786,0.3306762609688785,94.744740400796,1
1,66,453.03062757416075,357.9928090618664,23.579928090618665,0.3579928090618664,80.16532187365118,1
1,67,957.6963057233366,724.9402254117821,27.249402254117822,0.724940225411782,78.52330399422519,1
1,68,954.4344474366319,760.2094200421213,27.602094200421213,0.7602094200421213,85.03833166713474,1
1,69,754.847175048162,431.68365953125056,24.316836595312505,0.43168365953125054,98.48401856562926,1
1,70,754.2403285701628,574.4347690678641,25.74434769067864,0.5744347690678641,91.56105033200086,1
1,71,982.631539362184,721.8537662498206,27.218537662498207,0.7218537662498207,82.06283457051849,1
1,72,459.05928635309743,244.38170125118248,22.443817012511825,0.24438170125118247,81.39115799821842,0
1,73,461.8905684198433,262.81829833451883,22.628182983345187,0.2628182983345188,79.56160447503518,0
1,74,508.79661824372386,366.8165735645882,23.668165735645882,0.36681657356458824,97.11000905444568,1
1,75,481.76730732199354,358.473909590248,23.58473909590248,0.358473909590248,80.99662320097083,1
1,76,442.68714773552017,303.2735508485252,23.032735508485253,0.3032735508485252,87.19414390615158,1
1,77,429.2740137191312,306.71246931598336,23.067124693159833,0.30671246931598334,80.77683889140977,1
1,78,442.671350863504,237.52864801759767,22.375286480175976,0.23752864801759768,88.19755684734362,0
1,79,466.2010435156287,280.2867452589312,22.80286745258931,0.2802867452589312,89.89313444977046,0
1,80,594.6243031519318,451.6726076820497,24.516726076820497,0.4516726076820497,72.2663008233615,1
1,81,667.8518041740034,497.5493156687548,24.97549315668755,0.49754931566875477,91.57152462827088,1
1,82,668.8873310609787,375.2962306835288,23.752962306835286,0.3752962306835288,87.50752405374762,1
1,83,632.3210696149868,340.3964830632799,23.4039648306328,0.3403964830632799,80.97870962701641,1
1,84,437.6090132607524,264.7359614478726,22.647359614478727,0.26473596144787265,94.57252328445914,0
1,85,424.16521126338716,233.66803714972994,22.336680371497298,0.23366803714972995,71.28480156084551,0
1,86,489.2706068820933,370.81308096878865,23.708130809687887,0.3708130809687887,74.99648509484929,1
1,87,410.43089511454144,262.25840351325894,22.62258403513259,0.26225840351325896,74.06927756184189,0
1,88,490.58650155841036,300.0941911085602,23.0009419110856,0.3000941911085602,93.72017545189628,1
1,89,473.12916610419046,320.36772631262687,23.20367726312627,0.3203677263126269,75.53487007795408,1
1,90,541.4446112410903,313.4304770940965,23.134304770940965,0.3134304770940965,86.14945603426821,1
1,91,858.070821273927,646.4116124657095,26.464116124657096,0.6464116124657094,86.97856822399697,1
1,92,910.4471549181441,603.7563225690102,26.0375632256901,0.6037563225690102,98.9491199711799,1
1,93,745.3846201150803,464.55386352680654,24.645538635268064,0.46455386352680655,93.65115857089278,1
1,94,762.2811396156229,533.1356755329546,25.331356755329544,0.5331356755329546,89.14073190569155,1
1,95,975.1284068106247,561.0176176684222,25.61017617668422,0.5610176176684222,72.32513165035454,1
1,96,441.73184335693617,230.68851504933093,22.306885150493308,0.23068851504933094,80.60590040521353,0
1,97,502.44793335035274,300.0613681480377,23.000613681480377,0.3000613681480377,76.35690467575793,1
1,98,419.426563534387,284.89656805022355,22.848965680502236,0.28489656805022356,95.51954718433721,0
1,99,461.7296963449754,242.46050242447745,22.424605024244777,0.24246050242447745,87.23575563180975,0
1,100,500.1790891342987,336.47461772489623,23.36474617724896,0.33647461772489623,83.96667195640669,1
1,101,453.7930375802022,252.33637577773942,22.523363757777396,0.25233637577773943,92.74428759347305,0
1,102,490.7984387903043,311.11793928995115,23.111179392899512,0.31111793928995113,86.59157299150175,1
1,103,476.8422588133867,269.13138990608644,22.691313899060866,0.2691313899060864,76.12202761323668,0
1,104,649.7112206807545,420.3453581581651,24.203453581581652,0.4203453581581651,80.40738175999262,1
1,105,681.8243657253001,399.30159744305377,23.993015974430538,0.39930159744305377,76.1052624683477,1
1,106,657.1145132505463,436.84552984503404,24.36845529845034,0.43684552984503405,83.25514641046166,1
1,107,627.879459203265,476.9155273032374,24.769155273032375,0.4769155273032374,86.86732117082519,1
1,108,544.3451538848525,377.9650751128223,23.779650751128223,0.37796507511282235,97.51395590188531,1
1,109,477.2736099325356,371.6270785765524,23.716270785765523,0.37162707857655236,80.99984822434679,1
1,110,409.9810066212177,280.1580546653553,22.801580546653554,0.28015805466535526,99.32420083651844,0
1,111,447.63531332531676,305.7094306482265,23.057094306482263,0.3057094306482265,90.18354461964782,1
1,112,419.0787917970043,248.30932794245922,22.483093279424594,0.24830932794245922,79.55774837980263,0
1,113,459.89482286434696,240.94107889969263,22.409410788996926,0.24094107889969263,93.45002918055715,0
1,114,422.3325139934905,292.2924357202407,22.922924357202408,0.29229243572024066,85.45771542940507,0
1,115,798.0942410897866,464.4784936563219,24.64478493656322,0.46447849365632193,76.60966676066126,1
1,116,766.7633315354452,440.4419205258094,24.404419205258094,0.4404419205258094,71.83516729182573,1
1,117,856.5209267861592,633.158267339464,26.331582673394642,0.633158267339464,75.41607271802133,1
1,118,765.9689865476885,465.7368953968482,24.657368953968483,0.4657368953968482,76.26203833707339,1
1,119,820.24596413163,490.23690298008853,24.902369029800887,0.49023690298008854,72.25266964169559,1
1,120,544.0307426578548,364.5752632750018,23.645752632750018,0.36457526327500184,71.20222658790192,1
1,121,422.0854814619136,281.81116119913423,22.81811161199134,0.28181116119913424,88.82290918467459,0
1,122,467.2136803393487,243.94812366455307,22.43948123664553,0.24394812366455307,72.28547841684264,0
1,123,467.178964654511,366.36973110958473,23.66369731109585,0.3663697311095847,99.60192995803268,1
1,124,444.9838505498165,291.0554976749716,22.910554976749715,0.29105549767497163,71.49712398620983,0
1,125,428.3505100180902,276.8323747086459,22.76832374708646,0.2768323747086459,76.31060024342531,0
1,126,451.4312379475763,252.1546502800661,22.52154650280066,0.2521546502800661,90.44122365233082,0
1,127,511.1272059378114,379.93002022516055,23.799300202251604,0.37993002022516054,78.87276090643684,1
1,128,632.2173613151015,466.27011108295244,24.662701110829524,0.46627011108295247,99.53306150323846,1
1,129,627.3963914568418,429.17684138998027,24.291768413899803,0.42917684138998025,81.27171634006348,1
1,130,597.9560222169879,423.28348404043254,24.232834840404326,0.42328348404043253,74.23755346197056,1
1,131,595.4131067656529,429.42727048064137,24.294272704806414,0.4294272704806414,86.60202079989308,1
1,132,402.8797525014818,248.5298592181979,22.48529859218198,0.24852985921819792,97.10364353540939,0
1,133,426.2131182983572,309.2351670143243,23.092351670143245,0.3092351670143243,90.17021812525698,1
1,134,463.86059680772956,335.4758372318554,23.354758372318553,0.33547583723185537,81.430937767706,1
1,135,434.9986109641623,302.9797999560783,23.029797999560785,0.3029797999560783,91.56341065672368,1
1,136,522.4599973115028,263.2716175074775,22.632716175074776,0.2632716175074775,75.84967351110176,0
1,137,471.26252200849325,323.99480162926835,23.239948016292683,0.32399480162926836,98.61353943044548,1
1,138,502.3299497467781,310.0873237541109,23.10087323754111,0.3100873237541109,92.83575936581875,1
1,139,958.2548369202666,706.071809728913,27.06071809728913,0.7060718097289129,96.28579138375474,1
1,140,761.1310770078129,477.283126906958,24.77283126906958,0.477283126906958,92.5095287552465,1
1,141,857.19786725693,444.931068817236,24.44931068817236,0.444931068817236,95.41578546403434,1
1,142,899.0659626466409,604.1446225623398,26.041446225623396,0.6041446225623398,94.87131480676622,1
1,143,886.5582524328189,513.8264746930432,25.13826474693043,0.5138264746930432,83.12690754162513,1
1,144,448.1963077690563,334.3092880185908,23.343092880185907,0.3343092880185908,92.55663307748036,1
1,145,521.0046959494636,331.87392524772685,23.31873925247727,0.33187392524772685,98.80825218313343,1
1,146,429.5522152809239,265.3725683808553,22.653725683808553,0.26537256838085527,96.26577340069989,0
1,147,479.03897846506396,377.2538056756688,23.772538056756687,0.3772538056756688,95.5039453179177,1
1,148,408.7182775394363,255.90711036373872,22.559071103637386,0.2559071103637387,96.94377084774543,0
1,149,479.0497776132743,373.6820562797698,23.736820562797696,0.3736820562797698,96.12231005418352,1
1,150,415.95105721292475,218.05336557027064,22.180533655702707,0.21805336557027064,79.37852057062015,0
1,151,474.2540004715743,331.5267264740691,23.31526726474069,0.3315267264740691,77.08504567783942,1
1,152,628.7547183873928,378.4919901643696,23.784919901643697,0.37849199016436963,93.34843890730698,1
1,153,602.4963065708152,385.8057886447365,23.858057886447366,0.38580578864473647,91.73858306245909,1
1,154,666.5712642561821,516.8901646531392,25.168901646531392,0.5168901646531392,89.77439521905215,1
1,155,665.7118269061272,370.3182181192898,23.703182181192897,0.3703182181192898,83.38640451355667,1
1,156,539.6699223727535,399.3712298732446,23.993712298732447,0.3993712298732446,78.62253985212794,1
1,157,472.68247335231894,305.75773429859885,23.057577342985986,0.30575773429859887,98.84174969543805,1
1,158,412.20858933054984,241.3781763484985,22.413781763484984,0.2413781763484985,95.90094104771036,0
1,159,523.8205112886656,411.18688498121315,24.111868849812133,0.41118688498121314,74.52031549695253,1
1,160,518.8419436765294,324.8117298764355,23.248117298764356,0.3248117298764355,90.70716486826262,1
1,161,422.9538884819925,257.90139002323355,22.579013900232336,0.25790139002323353,81.07643098434559,0
1,162,501.1010140231427,383.80700275839405,23.83807002758394,0.383807002758394,76.76595075063989,1
1,163,869.5233382924163,528.8282911579772,25.28828291157977,0.5288282911579772,90.23993224993096,1
1,164,766.2237331017362,522.5134263515827,25.225134263515827,0.5225134263515827,70.12941103786154,1
1,165,951.3654195005493,624.3593819972532,26.24359381997253,0.6243593819972532,85.09814945600465,1
1,166,759.5075832309544,415.15311185284065,24.151531118528407,0.41515311185284065,99.1551877302524,1
1,167,789.4804328443994,600.5231309870358,26.005231309870357,0.6005231309870358,71.31058931810747,1
2,0,391.9164350700992,299.16884332750436,22.991688433275044,0.2991688433275044,91.29023228396402,0
2,1,380.18614526007906,192.6984499966043,21.926984499966043,0.1926984499966043,92.59024374608897,0
2,2,414.3963529153087,255.74632161318726,22.55746321613187,0.2557463216131873,82.75916255846722,0
2,3,360.04314806814983,284.07634754852074,22.840763475485208,0.28407634754852074,81.44371969540076,0
2,4,389.9753566617412,295.03428703963266,22.950342870396327,0.29503428703963264,77.4300481718357,0
2,5,357.7413765147445,199.34856897438183,21.993485689743817,0.19934856897438183,85.66401319220279,0
2,6,442.78012994638794,247.99041482461274,22.479904148246128,0.24799041482461273,77.14366551417915,0
2,7,456.90892404280316,354.15015915017244,23.541501591501724,0.35415015915017245,97.94432608672524,1
2,8,558.8355982816644,401.1266026582829,24.011266026582827,0.40112660265828287,81.13926462419901,1
2,9,560.0655216986519,350.6165033909677,23.506165033909678,0.35061650339096767,86.85928586208723,1
2,10,604.1288946571025,419.8311824285468,24.19831182428547,0.41983118242854683,71.58891944220585,1
2,11,591.786753454925,338.59960298269414,23.38599602982694,0.33859960298269415,80.89028403175122,1
2,12,460.83277204317926,364.1295145822564,23.641295145822564,0.3641295145822564,84.70842378109765,1
2,13,434.89734808645534,230.09366798895195,22.30093667988952,0.23009366798895195,75.11192093846269,0
2,14,445.67684002057,334.7272681129734,23.347272681129734,0.3347272681129734,75.88594584891322,1
2,15,369.69519680537223,253.8191504800966,22.538191504800967,0.2538191504800966,93.63123680881333,0
2,16,405.1665549171703,307.5510190029474,23.075510190029473,0.3075510190029474,99.8420819021521,1
2,17,382.2000044367015,206.19365913098383,22.061936591309838,0.20619365913098384,74.37036746430346,0
2,18,464.1253051217758,241.28892266731378,22.412889226673137,0.24128892266731378,91.25640664878976,0
2,19,670.9641150274418,359.26502652622366,23.592650265262236,0.35926502652622366,83.02334536792736,1
2,20,688.4441777095175,444.94735760872345,24.449473576087236,0.44494735760872345,79.12270401505566,1
2,21,807.1478110059936,443.3608233426785,24.433608233426785,0.4433608233426785,88.75715331657655,1
2,22,732.1023283574478,528.2806825836893,25.282806825836893,0.5282806825836893,85.69819493312382,1
2,23,727.0944835233302,575.3019732300548,25.753019732300547,0.5753019732300548,99.8301320453569,1
2,24,418.42764037427287,216.6910289260646,22.166910289260645,0.2166910289260646,76.34745438732645,0
2,25,415.5635835939551,290.27244096819965,22.902724409681998,0.29027244096819965,85.62286386103061,0
2,26,435.06170344823744,274.316931350419,22.74316931350419,0.274316931350419,93.9196084109515,0
2,27,421.153923488508,256.23451565422545,22.562345156542253,0.25623451565422545,99.97428485164441,0
2,28,405.1840387490301,315.0873197508768,23.15087319750877,0.31508731975087684,74.95285001507648,1
2,29,348.5237855768019,232.96792930612224,22.329679293061222,0.23296792930612226,79.63535321920092,0
2,30,449.79307448418484,359.6040099337494,23.596040099337493,0.3596040099337494,91.41242283505197,1
2,31,475.4822210327094,349.3950789930721,23.49395078993072,0.3493950789930721,84.36573914416344,1
2,32,596.8661307580236,351.16175706225374,23.511617570622537,0.3511617570622537,73.09936757735204,1
2,33,601.2237224308134,339.94091591500546,23.399409159150053,0.33994091591500547,94.71657859616633,1
2,34,598.7737551570198,338.0897339735457,23.38089733973546,0.3380897339735457,90.08119722909501,1
2,35,581.375101320312,338.3755747682844,23.383755747682844,0.33837557476828445,97.93967569299289,1
2,36,373.83759616805537,223.6450267369599,22.236450267369598,0.22364502673695988,91.50381141266614,0
2,37,408.57749303079606,301.6065511893246,23.016065511893245,0.3016065511893246,74.98887589209568,1
2,38,386.2051377398948,240.31369601488285,22.403136960148828,0.24031369601488284,81.29489179795496,0
2,39,403.4903339835577,221.92850434646326,22.219285043464634,0.22192850434646325,95.9845957818454,0
2,40,397.82443165645765,223.70968633657736,22.237096863365775,0.22370968633657737,89.83377618527763,0
2,41,406.72575022161493,246.9228876961393,22.46922887696139,0.2469228876961393,86.56255255782354,0
2,42,441.7380778597311,223.3405888277389,22.23340588827739,0.2233405888277389,93.5026391917033,0
2,43,720.2570870824798,408.28587284857616,24.08285872848576,0.40828587284857615,91.57187630578495,1
2,44,707.0151673464793,528.4731843125779,25.28473184312578,0.528473184312578,98.52317816124652,1
2,45,834.1137234517555,583.2679061268573,25.83267906126857,0.5832679061268573,92.81118470172875,1
2,46,758.2083700738078,451.4537393365988,24.514537393365988,0.4514537393365988,89.76325791314056,1
2,47,681.6766521569128,431.01563208602425,24.310156320860244,0.4310156320860243,93.83244661774008,1
2,48,396.8853696314348,302.5935405052802,23.025935405052802,0.3025935405052802,93.11730662129438,1
2,49,410.2831994113747,283.44734231398814,22.834473423139883,0.28344734231398816,82.91025979521011,0
2,50,353.5916069015415,279.22589231841397,22.79225892318414,0.279225892318414,73.09417957500764,0
2,51,370.80610892474294,240.12729095597587,22.401272909559758,0.24012729095597588,94.7679131397208,0
2,52,398.1583738208047,233.92574498930006,22.339257449893,0.23392574498930005,80.58642229582934,0
2,53,409.09962166341637,288.88993365770335,22.888899336577033,0.2888899336577034,78.60140671672164,0
2,54,363.0498953151552,264.57282132193535,22.645728213219353,0.2645728213219353,70.25388604375037,0
2,55,471.8138766271402,280.03930436627434,22.800393043662744,0.28003930436627433,87.14287684279786,0
2,56,591.4558515196135,415.9123634222538,24.15912363422254,0.4159123634222538,86.16991045418999,1
2,57,541.9487604792541,320.8516889807029,23.20851688980703,0.3208516889807029,85.34051952821031,1
2,58,539.5571254691854,284.7030618008328,22.84703061800833,0.2847030618008328,95.48121859665183,0
2,59,579.67074620153,386.61789422327854,23.866178942232786,0.3866178942232785,84.11467784112095,1
2,60,451.95098269075163,315.4585225458509,23.154585225458508,0.3154585225458509,94.3996541151966,1
2,61,395.59999190194236,252.68710989933078,22.526871098993308,0.2526871098993308,79.8721066495,0
2,62,434.56411452294765,266.3007327312303,22.663007327312304,0.26630073273123034,86.92118633896015,0
2,63,415.1995514681208,236.95127328182232,22.369512732818222,0.23695127328182233,74.88935301137596,0
2,64,363.47907504673236,257.2738895626514,22.572738895626514,0.2572738895626514,74.90161579850441,0
2,65,455.7159774126825,267.4503592901163,22.674503592901164,0.2674503592901163,86.29882339487139,0
2,66,473.47678014818973,322.6987369760508,23.226987369760508,0.3226987369760508,86.57212408518377,1
2,67,680.8223097964561,361.0871711734824,23.610871711734823,0.3610871711734824,98.06280151513148,1
2,68,747.410951237743,555.2416073796925,25.552416073796927,0.5552416073796925,94.37840008270699,1
2,69,793.5187283254543,590.7117960354877,25.907117960354878,0.5907117960354877,97.09319070528043,1
2,70,840.3111494254729,596.086014560787,25.96086014560787,0.596086014560787,80.10052749870725,1
2,71,722.2182886268414,490.3891595075104,24.903891595075102,0.4903891595075104,77.36744057692685,1
2,72,414.82689675164426,283.981015921239,22.83981015921239,0.28398101592123903,86.88588370177551,0
2,73,402.94766883501967,209.3200812662105,22.093200812662104,0.20932008126621052,71.0169585622599,0
2,74,389.91797817453477,286.57355872668484,22.865735587266848,0.28657355872668483,85.58764429914994,0
2,75,369.42489699538385,224.2015153982131,22.24201515398213,0.2242015153982131,92.00052062693237,0
2,76,369.3922612847476,235.73284848932536,22.35732848489325,0.23573284848932535,76.63468763760305,0
2,77,424.4515244656538,330.2169227471312,23.30216922747131,0.3302169227471312,96.30504051763972,1
2,78,447.5850992037623,249.48994875915088,22.49489948759151,0.24948994875915087,73.98165111201236,0
2,79,398.82552124285917,204.06229370971403,22.04062293709714,0.20406229370971402,80.53046547116804,0
2,80,587.506939130543,303.72895795457134,23.037289579545714,0.30372895795457133,77.34485929531122,1
2,81,542.6982219182623,380.53751871453875,23.805375187145387,0.3805375187145387,77.8789521021391,1
2,82,548.7980169712238,335.61904346308205,23.356190434630822,0.335619043463082,82.524620244231,1
2,83,597.2974613969842,326.08854969751883,23.260885496975188,0.3260885496975188,87.17219680276555,1
2,84,408.5209029776916,257.34805394824116,22.57348053948241,0.2573480539482412,80.12338861496585,0
2,85,428.3851385106352,322.2058343052543,23.222058343052545,0.3222058343052543,71.48590931415255,1
2,86,359.96520434295127,268.0676252247214,22.680676252247213,0.2680676252247214,90.92770871159703,0
2,87,457.4610772456311,262.1180013820153,22.62118001382015,0.2621180013820153,70.73704706355745,0
2,88,422.2774312640052,312.2520769979173,23.12252076997917,0.3122520769979173,99.14995767010343,1
2,89,376.1056856575651,285.4390430839884,22.854390430839885,0.2854390430839884,97.10622871675311,0
2,90,441.41376205397484,349.36277577418747,23.493627757741876,0.34936277577418745,84.66973036640053,1
2,91,672.6259692052618,510.6127195946935,25.106127195946936,0.5106127195946935,94.69562586361204,1
2,92,845.7576213722383,515.0619195763801,25.150619195763802,0.5150619195763801,94.42589763479245,1
2,93,790.7271816164907,518.1115835547887,25.181115835547885,0.5181115835547887,93.12150168972103,1
2,94,781.8288249644806,610.6501406897376,26.106501406897376,0.6106501406897376,85.21323751957999,1
2,95,695.883054459907,399.6758610642394,23.996758610642395,0.3996758610642394,73.97387608717673,1
2,96,453.1008236253122,318.09075158156975,23.180907515815697,0.31809075158156974,86.53743624150512,1
2,97,467.5358096352017,370.55691651600756,23.705569165160075,0.3705569165160076,79.36967879795634,1
2,98,445.29328961355554,263.75857083796814,22.63758570837968,0.2637585708379681,86.9015630279029,0
2,99,455.67874547842433,267.1136901281563,22.671136901281564,0.2671136901281563,94.46095788104294,0
2,100,350.7153813856622,181.73353565149958,21.817335356514995,0.18173353565149958,82.7963174519022,0
2,101,474.7857749733817,341.6565147505118,23.416565147505118,0.3416565147505118,70.6704804715185,1
2,102,400.323006909006,309.4307744897746,23.094307744897748,0.3094307744897746,93.00049638961055,1
2,103,458.3880731896899,256.8347708924965,22.568347708924964,0.2568347708924965,96.41578826202189,0
2,104,574.5859448714482,322.1343366478086,23.221343366478088,0.3221343366478086,78.22391358169604,1
2,105,576.8353551595319,393.46146287773956,23.934614628777396,0.3934614628777396,88.98132601190065,1
2,106,583.1175868825763,378.838482480879,23.78838482480879,0.37883848248087904,92.52527407052811,1
2,107,589.9160676234029,422.1072996731464,24.221072996731465,0.42210729967314636,90.91574118482603,1
2,108,358.40106431706505,223.57900189611013,22.2357900189611,0.22357900189611013,90.31488048987923,0
2,109,414.0099012618521,221.11455508584274,22.211145550858426,0.22111455508584274,98.90962608540613,0
2,110,375.90984228812863,293.3422197533488,22.93342219753349,0.2933422197533488,83.71247603476084,0
2,111,478.0555489397393,334.4947029601565,23.344947029601563,0.3344947029601565,90.5967778060301,1
2,112,392.79197530704295,244.21819700438044,22.442181970043805,0.24421819700438044,88.02449971303774,0
2,113,420.6432147599142,334.5359381104869,23.34535938110487,0.3345359381104869,82.44126257997118,1
2,114,433.0234588276617,217.188751527871,22.171887515278712,0.217188751527871,98.63300553651187,0
2,115,856.1756571755792,495.0102170396743,24.950102170396743,0.4950102170396743,96.14953412896645,1
2,116,698.3439893978054,465.8987665423243,24.658987665423243,0.4658987665423243,82.54683594454481,1
2,117,794.4609396324597,470.29080506115645,24.702908050611565,0.47029080506115645,91.36200264683279,1
2,118,794.7466602166822,459.1183661229525,24.591183661229525,0.45911836612295254,76.62941142845041,1
2,119,705.506061015886,377.70840546039994,23.777084054604,0.37770840546039997,96.5269097619758,1
2,120,356.8818014758164,249.80825415561685,22.49808254155617,0.24980825415561686,82.30664204175777,0
2,121,474.44208131102397,372.9667342633157,23.729667342633157,0.37296673426331567,89.76131703106824,1
2,122,439.94341442508534,314.7953311674638,23.147953311674637,0.31479533116746383,70.8090825456666,1
2,123,387.21745468871137,247.52309744317893,22.47523097443179,0.24752309744317894,80.33611837915132,0
2,124,395.32408622023024,226.2193242894339,22.26219324289434,0.2262193242894339,75.26289669332971,0
2,125,421.95955262055713,263.3101982601527,22.633101982601527,0.2633101982601527,98.34498241027606,0
2,126,456.0704935928842,247.29156129771647,22.472915612977165,0.24729156129771648,95.82785835499844,0
2,127,390.5231036846909,295.6313256665605,22.956313256665606,0.2956313256665605,79.14896706179977,0
2,128,544.5198403790919,389.3736004275007,23.893736004275006,0.38937360042750074,73.60665833576086,1
2,129,569.619841072625,391.86355068518816,23.91863550685188,0.39186355068518813,97.1509957795536,1
2,130,590.3689508489273,366.4209801568463,23.664209801568465,0.3664209801568463,87.05022370346161,1
2,131,538.224794329994,324.0422576919731,23.24042257691973,0.3240422576919731,81.75921016671923,1
2,132,463.3910032706264,325.41552868491374,23.254155286849137,0.32541552868491375,99.93058927830526,1
2,133,469.93286619679236,259.51686903345256,22.595168690334525,0.25951686903345256,78.07296576379066,0
2,134,470.9350057007813,248.548396650945,22.48548396650945,0.248548396650945,93.74656512133656,0
2,135,432.927964742833,316.4555967882223,23.164555967882222,0.31645559678822227,94.96232424213152,1
2,136,370.4366695342892,256.86364993161465,22.568636499316145,0.25686364993161465,98.18401388437444,0
2,137,399.0127031750296,311.6943999890781,23.11694399989078,0.31169439998907805,98.09565852444157,1
2,138,472.173928708481,350.16983060436905,23.50169830604369,0.35016983060436907,70.31775745130236,1
2,139,786.4884195728237,563.0972575661168,25.63097257566117,0.5630972575661168,90.75600791463168,1
2,140,750.8808353016187,446.5445969846509,24.46544596984651,0.44654459698465093,78.70121774105661,1
2,141,758.5901242901035,510.38519878813514,25.103851987881352,0.5103851987881352,76.82439645101503,1
2,142,867.3826275291736,470.4789621578312,24.70478962157831,0.4704789621578312,89.55829283078167,1
2,143,655.4578315296787,374.88072206473134,23.748807220647315,0.37488072206473133,86.0711331364802,1
2,144,350.060849574894,179.01001256597752,21.790100125659777,0.1790100125659775,70.97914824121246,0
2,145,427.15831279405376,221.7828221606686,22.217828221606688,0.22178282216066858,92.15137684495527,0
2,146,428.0953703355814,294.16152274939185,22.94161522749392,0.29416152274939183,73.45971259239808,0
2,147,395.06056411365654,284.0732988978828,22.84073298897883,0.2840732988978828,88.61818527287902,0
2,148,462.45419647407437,323.96611311509923,23.239661131150992,0.3239661131150992,84.89909103656467,1
2,149,413.11323779443103,291.61003836588804,22.91610038365888,0.29161003836588806,81.39177855072589,0
2,150,401.3391069261781,230.73774108829784,22.307377410882978,0.23073774108829784,71.53417494020312,0
2,151,380.3452434779696,248.4767766202685,22.484767766202687,0.2484767766202685,74.52999676390986,0
2,152,576.776993367282,332.65717741891467,23.326571774189148,0.33265717741891465,89.58489211555062,1
2,153,576.6103340427372,291.64432052231774,22.916443205223178,0.29164432052231776,80.37496840766718,0
2,154,580.8294540242341,334.85170045358024,23.3485170045358,0.33485170045358026,86.39770935563755,1
2,155,533.0148120897665,335.35619254873683,23.35356192548737,0.33535619254873683,76.46919230598702,1
2,156,365.4139753887841,230.215721848602,22.30215721848602,0.23021572184860198,97.8700728474134,0
2,157,384.24990316862545,220.65958897333454,22.206595889733347,0.22065958897333454,71.0775401637994,0
2,158,414.75201730259596,272.01862950035627,22.720186295003565,0.27201862950035627,93.93092420066952,0
2,159,444.44746956795973,253.98590057047863,22.539859005704788,0.25398590057047865,93.33744125950477,0
2,160,435.1063654238891,344.46426431121756,23.444642643112175,0.34446426431121757,73.79902199422362,1
2,161,474.0815056294941,367.5277988876102,23.6752779888761,0.36752779888761017,87.49064862429805,1
2,162,477.47771627834703,299.3110172614583,22.993110172614582,0.2993110172614583,92.42684339942687,0
2,163,656.4496873287222,349.3462549732025,23.493462549732026,0.34934625497320254,78.53429258892893,1
2,164,739.592358548352,497.1476615046697,24.971476615046697,0.4971476615046697,84.66327318610689,1
2,165,781.4982737918796,451.6775425291859,24.51677542529186,0.4516775425291859,82.57640917401997,1
2,166,783.4500604035691,418.3939167691611,24.183939167691612,0.4183939167691611,94.3230144334232,1
2,167,736.919327524137,390.48262427219623,23.904826242721963,0.3904826242721962,94.44566206955653,1
3,0,223.23112975242253,134.22555509164397,21.34225555091644,0.13422555509164397,86.2569545819951,0
3,1,222.85807139117404,163.66965853018047,21.636696585301806,0.16366965853018048,98.30174965025604,0
3,2,233.8852508056693,157.48205827885425,21.574820582788544,0.15748205827885425,82.91530107777582,0
3,3,259.6335148566345,176.74589841319838,21.767458984131984,0.17674589841319838,83.59635256960853,0
3,4,252.96869334201003,137.42997854990122,21.374299785499012,0.13742997854990122,81.63824985122974,0
3,5,234.66825888764382,186.91855243788257,21.869185524378825,0.18691855243788258,92.17910325858968,0
3,6,203.52693948068503,146.495705510543,21.46495705510543,0.146495705510543,96.34154058537118,0
3,7,227.22222256203767,157.93146979157416,21.57931469791574,0.15793146979157416,72.3147081944161,0
3,8,331.59046050242387,264.0627726594583,22.640627726594584,0.26406277265945827,76.82622150069268,0
3,9,334.38751753284515,189.97799455607984,21.899779945560798,0.18997799455607983,99.49740461432363,0
3,10,309.80769859037673,197.06184438616216,21.97061844386162,0.19706184438616217,85.37509360158987,0
3,11,347.4161271606046,275.3220736311288,22.753220736311288,0.27532207363112876,95.85247014779496,0
3,12,274.532915809012,218.84253543243938,22.188425354324394,0.21884253543243937,96.62642673612352,0
3,13,223.40244812937334,142.4462391530615,21.424462391530614,0.1424462391530615,94.10918369825897,0
3,14,255.29557577182578,198.72045554984643,21.987204555498465,0.19872045554984644,99.91860474016273,0
3,15,219.00817647736648,136.19289213027295,21.36192892130273,0.13619289213027294,71.37477781617787,0
3,16,219.00916801560803,131.48078160680396,21.31480781606804,0.13148078160680396,94.43749394493443,0
3,17,256.99787134273714,177.1029185513316,21.771029185513317,0.17710291855133162,71.1002378490643,0
3,18,229.17458184040197,133.89671902254295,21.33896719022543,0.13389671902254296,70.18888484490365,0
3,19,487.512877454453,324.1715372929592,23.24171537292959,0.3241715372929592,82.74850868963681,1
3,20,476.89398335416547,377.555406781632,23.77555406781632,0.37755540678163196,99.5993615290102,1
3,21,478.71738826169883,249.4931049700496,22.494931049700497,0.2494931049700496,98.3422495924123,0
3,22,472.86409875193175,352.577359218882,23.52577359218882,0.352577359218882,90.18648527253498,1
3,23,467.60602936326563,244.70655179598188,22.447065517959818,0.24470655179598189,84.69808905117041,0
3,24,225.65687838250008,128.0506626333782,21.280506626333782,0.12805066263337822,74.40821340649339,0
3,25,205.0913638505559,118.65612974103334,21.186561297410332,0.11865612974103334,73.81837269170886,0
3,26,258.96728692804027,188.91599436844086,21.889159943684408,0.18891599436844086,79.01990706711398,0
3,27,223.56453356323016,129.50247528554638,21.295024752855465,0.12950247528554637,92.6241557357675,0
3,28,271.10959189036544,192.61583247924753,21.926158324792475,0.19261583247924752,89.27316892144121,0
3,29,209.35242776490074,134.69532988469712,21.34695329884697,0.13469532988469712,84.10455193489379,0
3,30,223.97461055696846,178.9544654800653,21.789544654800654,0.1789544654800653,88.73451241102406,0
3,31,211.05465413110767,166.63766412190003,21.666376641219,0.16663766412190004,70.2306454526921,0
3,32,351.4114987431199,249.27482129979364,22.492748212997938,0.24927482129979364,82.60497045126624,0
3,33,332.9640707449623,225.80507046958132,22.258050704695812,0.22580507046958131,79.5250027102966,0
3,34,326.08422862273403,178.0390278012919,21.78039027801292,0.17803902780129188,98.59614095894747,0
3,35,331.30272410176815,218.2448184441143,22.182448184441142,0.21824481844411428,88.36294435254393,0
3,36,236.39550212182252,164.23444140737328,21.642344414073733,0.16423444140737328,93.92321130466259,0
3,37,263.59428226750475,208.0468892757167,22.080468892757168,0.20804688927571668,80.5252626342043,0
3,38,263.26149999527667,167.19913548101795,21.671991354810178,0.16719913548101795,94.47666033104342,0
3,39,255.76105098133127,165.904975359706,21.65904975359706,0.165904975359706,86.57345206263666,0
3,40,211.59625451850653,117.33835411559271,21.17338354115593,0.11733835411559271,76.88711149147724,0
3,41,267.14865048982506,168.08765415545352,21.680876541554536,0.16808765415545351,91.35450940334117,0
3,42,228.43266296590534,159.10786380637836,21.591078638063784,0.15910786380637837,75.23857468369891,0
3,43,440.1441862312602,223.7603941590205,22.237603941590205,0.22376039415902052,89.80709451656817,0
3,44,497.4713873654105,260.21724403077945,22.602172440307793,0.26021724403077945,99.5610275844047,0
3,45,392.0197266032444,208.65342189401946,22.086534218940194,0.20865342189401945,73.07657346142412,0
3,46,468.0095364344084,251.39044780672867,22.513904478067285,0.2513904478067287,85.2521863967366,0
3,47,464.07101057908557,321.8930393841856,23.218930393841855,0.3218930393841856,80.44261795382191,1
3,48,246.14738815367744,164.24749613106925,21.642474961310693,0.16424749613106926,88.46186526201082,0
3,49,227.27097720910646,151.54588789809358,21.515458878980937,0.1515458878980936,76.99407398805377,0
3,50,257.90094941801806,167.46324381696445,21.674632438169645,0.16746324381696445,80.12988075103239,0
3,51,268.4827928275904,162.1176171201047,21.621176171201046,0.16211761712010472,87.67604472137369,0
3,52,229.0528738128306,136.11829347267079,21.361182934726706,0.1361182934726708,92.40547332864472,0
3,53,273.8645457080092,152.02724929351763,21.520272492935177,0.15202724929351763,83.59381029032193,0
3,54,232.5184193123651,121.32349446250117,21.21323494462501,0.12132349446250118,93.18250226910038,0
3,55,245.07378206902774,175.79804512015272,21.757980451201526,0.17579804512015273,84.42878280572403,0
3,56,312.88219293371867,162.45842759768453,21.624584275976844,0.16245842759768453,94.25649884927323,0
3,57,340.0136004831883,249.33504454382813,22.49335044543828,0.24933504454382813,97.9501802154704,0
3,58,351.83487974867205,177.8055300926224,21.778055300926223,0.1778055300926224,89.89171696564506,0
3,59,307.84344700111177,186.9937974629408,21.86993797462941,0.1869937974629408,79.17820217982877,0
3,60,259.02081931582984,164.72024289881693,21.64720242898817,0.16472024289881693,82.70497323288888,0
3,61,206.47976110881442,109.55449589143299,21.09554495891433,0.109554495891433,94.970292209447,0
3,62,202.0561638710162,122.84388501025035,21.228438850102503,0.12284388501025034,82.19126320878627,0
3,63,271.2267411858575,159.1355661935941,21.591355661935943,0.1591355661935941,72.92040253246633,0
3,64,205.75640544566014,115.78650230857251,21.157865023085726,0.11578650230857251,91.88211778320517,0
3,65,251.00003802186606,197.95687159319777,21.97956871593198,0.19795687159319778,83.78446627933077,0
3,66,243.09877170190413,181.5775360279896,21.815775360279897,0.1815775360279896,91.73504965100143,0
3,67,474.80629247386105,358.0381805452313,23.580381805452312,0.3580381805452313,84.35343266716124,1
3,68,387.36057330743625,212.8310229169525,22.128310229169525,0.2128310229169525,91.40905357109796,0
3,69,420.6406707304073,308.4415781265391,23.084415781265392,0.3084415781265391,87.99530727219185,1
3,70,402.9070037204797,224.41138939457014,22.244113893945702,0.22441138939457014,75.88302434499039,0
3,71,449.6512910757687,258.59263862461404,22.58592638624614,0.258592638624614,70.57024669485864,0
3,72,202.46812094681692,131.5661122043111,21.31566112204311,0.1315661122043111,74.79896295654449,0
3,73,230.6966951593406,129.9415504853425,21.299415504853425,0.1299415504853425,84.89878558028938,0
3,74,243.2942827296949,122.53446659368679,21.225344665936866,0.12253446659368679,89.59306447829687,0
3,75,212.24786005040218,131.73463321908542,21.317346332190855,0.13173463321908543,97.636075565048,0
3,76,229.14038234816067,121.25945298987855,21.212594529898787,0.12125945298987856,75.28843228937214,0
3,77,222.23624403463955,150.26649344045103,21.50266493440451,0.15026649344045104,73.20387934998271,0
3,78,262.92139752124865,160.69199748564697,21.60691997485647,0.16069199748564697,81.28349638590987,0
3,79,218.65972264380838,138.95259580339012,21.3895259580339,0.13895259580339012,86.47403217419019,0
3,80,311.22137180562817,214.49644081119945,22.144964408111996,0.21449644081119945,70.09881270320234,0
3,81,335.923634202467,251.89437370628687,22.51894373706287,0.25189437370628687,96.51765235705481,0
3,82,328.16209121497343,221.49608653449408,22.214960865344942,0.2214960865344941,76.19830565365794,0
3,83,325.9154993045104,169.11416618783727,21.691141661878373,0.16911416618783728,72.5223261875713,0
3,84,261.13919611251595,204.16834789475195,22.04168347894752,0.20416834789475194,75.66350032882781,0
3,85,272.9964213153024,168.38192731988687,21.683819273198868,0.16838192731988688,87.67369787384129,0
3,86,261.78216005766774,180.98176384713764,21.809817638471376,0.18098176384713766,91.07229381484983,0
3,87,251.86293119824978,147.16048248072457,21.471604824807244,0.14716048248072458,91.44027977912572,0
3,88,241.1221648712085,139.03206687476413,21.39032066874764,0.13903206687476413,84.98660349631693,0
3,89,216.3468644791176,117.21849448262992,21.1721849448263,0.11721849448262991,77.48482224199888,0
3,90,270.1083475294753,178.54893544233485,21.785489354423348,0.17854893544233486,91.0704193339112,0
3,91,444.1842079734726,335.6480249797632,23.35648024979763,0.3356480249797632,72.36579484248371,1
3,92,425.214848133798,335.26144857211773,23.352614485721176,0.3352614485721177,81.7802311604307,1
3,93,490.0645003461922,388.3783237818192,23.883783237818193,0.3883783237818192,79.21258598147196,1
3,94,485.82729820093596,245.8664834617432,22.45866483461743,0.2458664834617432,78.83723925709683,0
3,95,454.9823974076389,303.4011525462055,23.034011525462056,0.3034011525462055,76.68257935158265,1
3,96,253.92299063137597,158.38003811565844,21.583800381156586,0.15838003811565843,95.91093550033207,0
3,97,211.0790063460205,161.70766952438063,21.617076695243806,0.16170766952438062,85.51965243596861,0
3,98,272.3094105583466,200.72354862368357,22.007235486236837,0.20072354862368358,88.54130973159724,0
3,99,259.76374990480736,142.28429569745379,21.422842956974538,0.1422842956974538,89.68337889715608,0
3,100,259.5233321682577,190.26184500009768,21.902618450000976,0.19026184500009768,72.02345336563346,0
3,101,211.03983935753524,162.24347976912858,21.622434797691287,0.1622434797691286,94.60567697371292,0
3,102,276.4839017996959,139.13169509012883,21.391316950901288,0.13913169509012882,74.97501995649912,0
3,103,214.82598082207969,152.3836034582466,21.523836034582466,0.15238360345824659,75.97834767057385,0
3,104,349.6392017081513,252.64295628162643,22.526429562816265,0.2526429562816264,87.84960431612461,0
3,105,329.6816602266925,204.51264668126012,22.0451264668126,0.20451264668126012,80.59850127157789,0
3,106,343.1489772037356,198.5708772731524,21.985708772731524,0.1985708772731524,70.81655073734045,0
3,107,320.37712351902815,222.24934207475442,22.222493420747544,0.2222493420747544,78.07717568036546,0
3,108,241.9711003760736,174.03867738307005,21.7403867738307,0.17403867738307005,86.46549837235519,0
3,109,210.17841765342868,150.23466981214307,21.502346698121432,0.15023466981214306,88.9499680533047,0
3,110,243.27493971578238,174.55536956462413,21.74555369564624,0.17455536956462414,98.18468131139826,0
3,111,202.26094446084682,144.67910677443686,21.446791067744368,0.14467910677443685,97.91406820295786,0
3,112,242.75161258828882,179.17176936192072,21.79171769361921,0.17917176936192072,77.32021534283926,0
3,113,259.46227867384835,203.88740496900976,22.038874049690097,0.20388740496900976,71.14368497586761,0
3,114,206.3464143081526,153.02719355412867,21.530271935541286,0.15302719355412867,99.76773752146347,0
3,115,408.56512502553176,319.9428168853507,23.19942816885351,0.3199428168853507,82.14588341534039,1
3,116,400.10775566313293,228.25259965408432,22.282525996540844,0.22825259965408431,71.57687558969413,0
3,117,460.313465122963,347.50846018495486,23.47508460184955,0.34750846018495485,94.7449398891786,1
3,118,456.93592133974164,247.0996052734792,22.47099605273479,0.2470996052734792,96.71712090087252,0
3,119,461.1970380787799,296.4737753997537,22.964737753997536,0.2964737753997537,82.3804623067339,0
3,120,227.34537635840883,157.90111899813357,21.579011189981337,0.15790111899813358,73.95829132661181,0
3,121,269.29371507717053,212.38490051977402,22.12384900519774,0.21238490051977402,93.68639125697229,0
3,122,248.57278588419751,195.42703545753616,21.95427035457536,0.19542703545753617,76.85415968301852,0
3,123,269.62738497414995,145.63080556499204,21.45630805564992,0.14563080556499206,82.92428433934997,0
3,124,232.0607267734392,180.51363502769135,21.805136350276914,0.18051363502769135,78.17316912510177,0
3,125,273.83007258022474,153.77549049349412,21.537754904934943,0.15377549049349412,80.4328524729976,0
3,126,270.229506519343,182.40381436651344,21.824038143665135,0.18240381436651346,74.70803976453156,0
3,127,269.3611671314156,175.41400827752094,21.75414008277521,0.17541400827752093,94.80567647295253,0
3,128,328.81834238300627,261.6260721014144,22.616260721014143,0.2616260721014144,85.24990309557904,0
3,129,324.1798696009267,252.98087152740192,22.52980871527402,0.2529808715274019,87.85311653287191,0
3,130,318.26617438818664,173.69796441505414,21.73697964415054,0.17369796441505414,91.88497438907802,0
3,131,350.27360041132675,207.8796446834552,22.078796446834552,0.2078796446834552,93.75208223364852,0
3,132,262.4471728062907,132.79470151217112,21.327947015121712,0.13279470151217113,81.261518881047,0
3,133,254.12488289048218,145.5172698034245,21.455172698034247,0.1455172698034245,74.31488250657797,0
3,134,271.2396663518824,169.26837242938322,21.692683724293833,0.16926837242938322,79.41634880621842,0
3,135,214.76726065811147,171.44180508437128,21.71441805084371,0.1714418050843713,97.63227042672825,0
3,136,207.4681324834202,151.26435663191205,21.51264356631912,0.15126435663191204,92.79598755968199,0
3,137,254.75181493943532,168.7617818210972,21.68761781821097,0.1687617818210972,84.01392640598891,0
3,138,269.87129692942017,146.8537606640684,21.468537606640684,0.1468537606640684,93.41481966329815,0
3,139,494.3671269880021,345.2458122080759,23.45245812208076,0.34524581220807593,98.68639541120139,1
3,140,388.8305682378922,204.65414591712005,22.046541459171202,0.20465414591712006,75.78111953968099,0
3,141,467.0855343661677,307.66971850267686,23.076697185026767,0.3076697185026769,94.8703177640001,1
3,142,387.3538196109176,307.29636242166987,23.072963624216698,0.30729636242166986,88.86865019260851,1
3,143,379.37017355798145,298.8167170238202,22.988167170238203,0.29881671702382023,73.26660879004253,0
3,144,205.11284702730993,117.91632003452162,21.179163200345215,0.11791632003452161,78.37899072976847,0
3,145,206.691565473628,132.1288358690634,21.321288358690634,0.1321288358690634,85.25208858425292,0
3,146,214.93039158720646,114.30550383974136,21.143055038397414,0.11430550383974136,96.62238669615364,0
3,147,267.07269513840555,170.14878807400305,21.701487880740032,0.17014878807400305,79.87119735096826,0
3,148,239.01961147042138,173.51291048857064,21.735129104885708,0.17351291048857065,92.45249791108324,0
3,149,228.5107801501286,134.1639037179747,21.341639037179746,0.1341639037179747,90.19129659794301,0
3,150,247.7612510031335,131.98480443685133,21.319848044368513,0.13198480443685134,82.97238192869312,0
3,151,216.12631913227693,166.22531996468803,21.66225319964688,0.16622531996468803,87.89536120444934,0
3,152,347.6941642822691,262.8021942745198,22.6280219427452,0.26280219427451984,77.668499073066,0
3,153,302.42007072747316,179.23865985097356,21.792386598509736,0.17923865985097356,92.0818412087519,0
3,154,315.31709033211956,226.82949199732147,22.268294919973215,0.22682949199732147,93.85386413170818,0
3,155,333.53861975130997,244.11353486803304,22.44113534868033,0.24411353486803306,82.89577110820694,0
3,156,271.70087052184726,199.9345649352806,21.999345649352804,0.1999345649352806,76.80454245106992,0
3,157,263.76675808622247,209.22268273998253,22.092226827399827,0.20922268273998254,95.77279883340078,0
3,158,240.75662832205137,138.0890274745519,21.380890274745518,0.1380890274745519,96.17940033682898,0
3,159,258.1857249595123,140.26014411983618,21.40260144119836,0.14026014411983617,82.6188931270544,0
3,160,246.50196827506534,195.48704654328057,21.954870465432805,0.19548704654328056,82.20883481291162,0
3,161,263.4865545667657,150.54475481434312,21.50544754814343,0.15054475481434312,84.86666107433027,0
3,162,245.37708243869466,194.00120610183293,21.94001206101833,0.19400120610183294,86.50433696162642,0
3,163,435.4090654190501,289.0247098625411,22.890247098625412,0.2890247098625411,96.37006477566246,0
3,164,478.9950215958722,274.6938692749947,22.746938692749946,0.27469386927499473,86.55208487574559,0
3,165,393.55310397007423,271.0095781542321,22.71009578154232,0.2710095781542321,80.25101798076886,0
3,166,384.56784244684775,198.3034189831155,21.983034189831155,0.19830341898311551,84.49884088663735,0
3,167,483.7018682901589,319.803951418368,23.19803951418368,0.319803951418368,92.71854337930183,1
4,0,210.3050709108725,156.94485305145545,21.569448530514556,0.15694485305145545,72.82274721408523,0
4,1,173.83292624818128,108.0099395403016,21.080099395403018,0.10800993954030161,97.5324119546942,0
4,2,203.42535034284552,128.33985149063056,21.283398514906306,0.12833985149063057,82.9268126885716,0
4,3,170.01728970723315,87.94218756981466,20.879421875698146,0.08794218756981466,86.33675809876196,0
4,4,204.4581914409516,120.19587453013935,21.201958745301393,0.12019587453013934,86.49858795123214,0
4,5,222.75555152087628,133.1905492769689,21.33190549276969,0.1331905492769689,83.92034325673986,0
4,6,196.4215694893925,100.90262230026939,21.009026223002692,0.10090262230026939,71.37770755245782,0
4,7,223.12565893841452,166.76164487588494,21.66761644875885,0.16676164487588493,80.73338801076189,0
4,8,253.51048945948747,149.4388411554233,21.494388411554233,0.1494388411554233,78.24231433748126,0
4,9,262.8539362155943,185.85409090180346,21.858540909018036,0.18585409090180346,98.75028173072914,0
4,10,257.92818947687846,178.827207690272,21.78827207690272,0.178827207690272,81.18757690065333,0
4,11,275.04179280622947,216.15611227171775,22.161561122717178,0.21615611227171774,72.61039515027498,0
4,12,188.4772044109333,121.14384635423879,21.211438463542386,0.12114384635423879,79.29782801769804,0
4,13,171.41220873767256,90.75214687866178,20.90752146878662,0.09075214687866177,74.1091339566749,0
4,14,185.57267858966514,134.61685819158222,21.346168581915823,0.13461685819158223,74.62317014438872,0
4,15,195.29391093870248,127.12526611772911,21.271252661177293,0.12712526611772912,73.53230590526627,0
4,16,167.9154677962835,101.36260540455173,21.013626054045517,0.10136260540455173,90.04730349934773,0
4,17,188.14314633492447,99.71650402350117,20.99716504023501,0.09971650402350117,89.32952084159749,0
4,18,166.91790087765568,110.13402631109693,21.10134026311097,0.11013402631109694,97.16030047924343,0
4,19,395.20184105237695,208.19206544252597,22.08192065442526,0.20819206544252597,82.96785842519424,0
4,20,326.53449204635524,186.85708967559123,21.868570896755912,0.18685708967559123,90.28181602523749,0
4,21,398.6018164171414,308.37723940924076,23.083772394092406,0.3083772394092408,92.91800171389556,1
4,22,407.8161658303968,300.8410814510627,23.008410814510626,0.3008410814510627,88.0005537493282,1
4,23,406.3596120536254,307.93866739238297,23.07938667392383,0.30793866739238296,89.4829959866563,1
4,24,223.6353281828277,116.97068461601815,21.16970684616018,0.11697068461601814,76.88803811545127,0
4,25,173.74124668973786,127.97102361410835,21.279710236141085,0.12797102361410834,79.66035362864115,0
4,26,178.01430217099792,140.256185855944,21.40256185855944,0.14025618585594402,81.63172322887836,0
4,27,202.16061057466163,114.32101061713337,21.143210106171335,0.11432101061713337,89.15464290763168,0
4,28,179.0051032644037,89.83646789557717,20.898364678955772,0.08983646789557717,95.46382226375383,0
4,29,167.535100973692,90.64756476919753,20.906475647691977,0.09064756476919753,81.81761238941492,0
4,30,191.38137315970866,152.47766856653246,21.524776685665323,0.15247766856653247,76.44787314729642,0
4,31,206.11024127368913,110.809742768556,21.10809742768556,0.11080974276855601,91.12686215553636,0
4,32,270.0764515701754,157.5478578453722,21.575478578453723,0.1575478578453722,75.79578026793173,0
4,33,280.4510472090364,181.0754886100003,21.810754886100003,0.18107548861000028,76.02947331994599,0
4,34,261.22081467390296,148.59414910103447,21.485941491010344,0.14859414910103447,98.63832287286763,0
4,35,280.33858594913596,188.88646115958198,21.88886461159582,0.188886461159582,99.72696706744848,0
4,36,194.94279184882302,135.7994942094598,21.3579949420946,0.1357994942094598,96.98342700536087,0
4,37,217.84627227027403,118.93429115079603,21.18934291150796,0.11893429115079603,82.94572168949905,0
4,38,167.2774845706621,124.74056318041289,21.247405631804128,0.12474056318041289,90.1729406593623,0
4,39,201.36847891036604,130.01197443498648,21.300119744349864,0.1300119744349865,95.23940519798718,0
4,40,190.80615179706209,134.70041619686492,21.34700416196865,0.13470041619686493,84.33681035834505,0
4,41,166.17929375473878,91.26068876469013,20.912606887646902,0.09126068876469012,88.6158135017611,0
4,42,173.63485755577668,129.94767154280967,21.299476715428096,0.12994767154280967,83.44000657867124,0
4,43,323.8137013572861,172.83152171664844,21.728315217166486,0.17283152171664845,85.89919182671399,0
4,44,320.49842793236746,203.82480219072872,22.038248021907286,0.2038248021907287,83.28622707195142,0
4,45,321.7163073831416,161.51471340621865,21.615147134062187,0.16151471340621865,98.85773763048319,0
4,46,340.39282443657856,219.9820448429119,22.19982044842912,0.2199820448429119,70.29448542052313,0
4,47,401.0246168607948,213.19280282171297,22.13192802821713,0.21319280282171296,82.41156507148479,0
4,48,170.36134725623953,131.4957110871228,21.314957110871227,0.1314957110871228,95.53825937353301,0
4,49,193.24486236207406,99.83125893433206,20.99831258934332,0.09983125893433206,98.5908033741605,0
4,50,164.84877804297614,117.68338769180701,21.17683387691807,0.11768338769180701,80.7253683749969,0
4,51,213.57464040896963,161.24820174754427,21.612482017475443,0.16124820174754428,79.27669795799213,0
4,52,176.74465991813602,113.25984991671042,21.132598499167106,0.11325984991671043,79.65639196318179,0
4,53,222.07600762736013,153.88811745159754,21.538881174515975,0.15388811745159753,95.53905368937762,0
4,54,200.43919559077116,136.12528811671658,21.361252881167164,0.13612528811671656,70.90608865649996,0
4,55,213.93642573086288,110.15187871146107,21.10151878711461,0.11015187871146107,92.40615198417235,0
4,56,270.15203582902626,188.66602053024172,21.886660205302416,0.18866602053024173,90.18819118924624,0
4,57,257.4494769815139,188.1789511264803,21.881789511264802,0.1881789511264803,92.03627418617593,0
4,58,260.09811148946073,182.88563948610522,21.828856394861052,0.18288563948610523,99.27568771299903,0
4,59,249.8602993497475,168.94090192486058,21.689409019248608,0.16894090192486058,76.52978307677786,0
4,60,223.07684948003202,148.22635795009626,21.482263579500962,0.14822635795009625,84.3329671286733,0
4,61,191.00549882441112,133.97302743748708,21.339730274374872,0.13397302743748707,84.21239528376066,0
4,62,222.58683713987742,113.38582429469331,21.133858242946932,0.11338582429469331,89.01004045679893,0
4,63,206.20284912025085,115.26188776251252,21.152618877625127,0.11526188776251252,88.10096646337706,0
4,64,210.6251611133221,148.18856886804886,21.48188568868049,0.14818856886804885,91.20236729693022,0
4,65,223.1341826670605,151.493116480472,21.51493116480472,0.151493116480472,89.60477309862779,0
4,66,182.68983084643733,100.6295801948507,21.006295801948507,0.1006295801948507,86.28639256243649,0
4,67,398.1705251003668,248.40980127237924,22.48409801272379,0.24840980127237924,94.06783196741289,0
4,68,323.4129516936138,247.41573661336537,22.474157366133653,0.24741573661336536,95.20016711693866,0
4,69,359.63974353529835,248.57093739434742,22.485709373943475,0.24857093739434744,84.35977485501198,0
4,70,317.78710524087785,161.94218510071747,21.619421851007175,0.16194218510071748,88.84565325379357,0
4,71,386.83345529753166,266.3655584818889,22.66365558481889,0.2663655584818889,78.21671077721733,0
4,72,175.18799963165824,110.46372514131112,21.10463725141311,0.11046372514131111,77.4007462486908,0
4,73,169.7203950629276,94.925925524656,20.94925925524656,0.094925925524656,91.40656525952214,0
4,74,224.45077401322177,171.82436348630682,21.718243634863068,0.17182436348630684,77.34480594406321,0
4,75,165.3331641922854,109.61684838567508,21.09616848385675,0.10961684838567508,97.65496582544274,0
4,76,170.2972902188184,85.88165734600538,20.858816573460054,0.08588165734600538,70.0443042350804,0
4,77,166.50739163505003,106.72967056489757,21.067296705648975,0.10672967056489757,83.0840215412292,0
4,78,192.31128701171582,98.02315183755088,20.980231518375508,0.09802315183755088,71.36486906657042,0
4,79,217.6500619990296,128.59513117787435,21.285951311778742,0.12859513117787436,77.68118780910613,0
4,80,257.7254149106107,181.3289815486769,21.81328981548677,0.18132898154867688,71.91719472053806,0
4,81,255.02377309963018,129.7667850280647,21.297667850280646,0.1297667850280647,86.00973039750373,0
4,82,279.44896370645273,222.2757039174841,22.22275703917484,0.2222757039174841,94.78246799058317,0
4,83,249.18053828942928,130.40805748428266,21.30408057484283,0.13040805748428266,94.73647871171688,0
4,84,212.38032163629515,141.87052981973164,21.418705298197317,0.14187052981973164,70.63609967664226,0
4,85,210.27239737559424,159.31441185988365,21.593144118598836,0.15931441185988365,75.40205412137902,0
4,86,165.14502717899904,120.21471688246282,21.202147168824627,0.12021471688246282,81.48669661905966,0
4,87,202.98774714540698,120.25363649303641,21.202536364930364,0.12025363649303641,92.30492887618077,0
4,88,184.94891790619258,109.95850857712155,21.099585085771217,0.10995850857712156,71.82878265949421,0
4,89,166.09951191985448,105.13735120544597,21.05137351205446,0.10513735120544597,98.33722168728924,0
4,90,181.3063313307353,138.27176743682,21.3827176743682,0.13827176743682,94.08952947650837,0
4,91,352.1269865823811,185.88548151456197,21.85885481514562,0.18588548151456197,78.14848374782721,0
4,92,349.280868327009,266.9501652516343,22.66950165251634,0.2669501652516343,84.22793555661804,0
4,93,334.84179346123676,197.9663860589815,21.979663860589817,0.1979663860589815,70.05198212368403,0
4,94,366.88357518145773,251.50227181431478,22.515022718143147,0.2515022718143148,77.50082307543626,0
4,95,313.9773878275934,174.42200082867575,21.744220008286756,0.17442200082867576,99.00889288490525,0
4,96,176.4507976810749,128.8865685812507,21.288865685812507,0.12888656858125072,97.63050765574806,0
4,97,177.15099690587877,105.51205850028506,21.05512058500285,0.10551205850028507,79.41798642233441,0
4,98,213.47948167840258,145.3993917345406,21.453993917345407,0.14539939173454058,84.00780899710004,0
4,99,184.061923465884,123.40311455392599,21.23403114553926,0.12340311455392598,81.57570285963531,0
4,100,172.04861406095375,117.63317900603228,21.176331790060324,0.11763317900603228,89.56660537352529,0
4,101,192.21339521575248,151.24119075268106,21.51241190752681,0.15124119075268105,71.76518917929108,0
4,102,201.55805720331486,105.01154926344078,21.050115492634408,0.10501154926344078,98.16449787876186,0
4,103,196.3414695678223,106.87315641549112,21.068731564154913,0.10687315641549112,97.08651655109252,0
4,104,266.53424162064925,157.1013413987033,21.571013413987032,0.1571013413987033,90.56232387577649,0
4,105,265.0528751902282,154.50953687786978,21.545095368778696,0.15450953687786978,80.16020421580725,0
4,106,263.440367318132,145.0657665398054,21.450657665398055,0.1450657665398054,77.95550541043822,0
4,107,270.9015298851115,190.98659228276378,21.90986592282764,0.19098659228276377,99.74808333054041,0
4,108,191.1686934361184,151.35136730373853,21.513513673037384,0.15135136730373852,78.00879077996136,0
4,109,210.7793338606381,142.764707613584,21.42764707613584,0.142764707613584,77.41881809632545,0
4,110,218.7023913837434,119.07629283027212,21.19076292830272,0.11907629283027213,91.46874833874243,0
4,111,196.28266880212848,151.82948509932513,21.51829485099325,0.15182948509932512,85.20553900824352,0
4,112,173.54464508375992,117.23658857008445,21.172365885700845,0.11723658857008445,99.135620261058,0
4,113,176.95169830022144,126.26868092306806,21.26268680923068,0.12626868092306806,73.3952357354733,0
4,114,211.98926659175424,114.85581960221981,21.148558196022197,0.11485581960221981,72.33114382140289,0
4,115,345.67311138537286,235.927227151091,22.35927227151091,0.235927227151091,79.54406787459304,0
4,116,341.05349173906563,218.08825903566907,22.180882590356692,0.21808825903566906,73.29029173042774,0
4,117,350.947324663953,211.36602579347405,22.11366025793474,0.21136602579347405,82.74758473095574,0
4,118,386.36874228494605,276.4758702553076,22.764758702553074,0.2764758702553076,79.84862303286833,0
4,119,338.72352851640795,252.5741871628899,22.5257418716289,0.2525741871628899,88.8152589896705,0
4,120,221.3664498197859,129.99828855396703,21.29998288553967,0.12999828855396703,86.54370860823487,0
4,121,223.31514623236427,121.46379203203227,21.21463792032032,0.12146379203203227,86.4373832174935,0
4,122,221.75418867122903,131.00800714526198,21.31008007145262,0.13100800714526198,91.83947200644708,0
4,123,213.49803711486436,146.6609282847727,21.466609282847728,0.1466609282847727,87.43142700494523,0
4,124,208.20301701342075,113.66369399171182,21.136636939917118,0.11366369399171182,99.89784462346864,0
4,125,212.28103469122954,115.79711284705805,21.15797112847058,0.11579711284705804,95.00192755573538,0
4,126,187.85367899604577,108.6520895610547,21.086520895610548,0.1086520895610547,82.81199662819787,0
4,127,222.14207924598972,128.88234447299016,21.2888234447299,0.12888234447299016,99.15591585570884,0
4,128,267.79202171869053,185.91928555210367,21.859192855521037,0.18591928555210369,77.20682181524808,0
4,129,258.0733253307596,190.51763268057636,21.905176326805762,0.19051763268057637,94.82126111744996,0
4,130,269.8429629005034,206.84421160117046,22.068442116011703,0.20684421160117045,96.85481698629852,0
4,131,262.17870296516503,205.01590750011297,22.05015907500113,0.20501590750011298,71.02268270444767,0
4,132,176.50500270293026,109.55489084120416,21.09554890841204,0.10955489084120415,75.3984518785255,0
4,133,196.4737758474222,108.10418450485233,21.081041845048524,0.10810418450485233,72.22592459512116,0
4,134,174.4031197583839,101.09073415384056,21.010907341538406,0.10109073415384055,79.86479760614323,0
4,135,209.63349752681867,110.59218932753188,21.10592189327532,0.11059218932753188,76.75107218760682,0
4,136,174.19766007416655,122.19617009636565,21.221961700963657,0.12219617009636564,80.66316000988975,0
4,137,174.0364971261354,118.03630994699108,21.18036309946991,0.11803630994699109,90.37749532030071,0
4,138,214.21405369660107,144.28200346111157,21.442820034611117,0.14428200346111159,77.73691697567132,0
4,139,335.35288371373764,172.21309375297497,21.722130937529748,0.17221309375297497,98.50973017969183,0
4,140,366.852944805048,241.80938279149933,22.418093827914994,0.24180938279149933,90.0897356069744,0
4,141,394.27561266270055,239.81610497756085,22.39816104977561,0.23981610497756087,99.59821461592949,0
4,142,404.39019393309746,297.249215168164,22.972492151681642,0.29724921516816405,70.5298267366834,0
4,143,325.81036435139447,184.56829040009515,21.845682904000952,0.18456829040009515,95.75853910755085,0
4,144,168.7535549262445,122.96288394707491,21.22962883947075,0.12296288394707491,90.41576536553902,0
4,145,180.9891869290816,127.83897298999715,21.27838972989997,0.12783897298999713,81.35685787388792,0
4,146,197.45504921226043,114.43774396838782,21.14437743968388,0.11443774396838782,81.65183213919914,0
4,147,166.42771208682476,104.28283783442697,21.042828378344268,0.10428283783442698,93.26302509886293,0
4,148,187.03055702150127,102.65658958093779,21.026565895809377,0.10265658958093779,84.55035378468835,0
4,149,186.01584546183895,119.88091851883011,21.198809185188303,0.11988091851883012,89.17887041252547,0
4,150,189.289140408209,142.20508455452713,21.42205084554527,0.14220508455452713,80.69380320147404,0
4,151,184.94575763440332,118.08251602309251,21.180825160230924,0.11808251602309251,92.49880150784007,0
4,152,250.49751625023413,132.00548567636085,21.32005485676361,0.13200548567636086,78.69495415813341,0
4,153,256.24268766489064,178.78735681114716,21.787873568111472,0.17878735681114716,85.9377354754045,0
4,154,261.4614908781416,149.74193319477578,21.497419331947757,0.14974193319477577,95.76009199448013,0
4,155,256.28565379560695,176.73145746535295,21.76731457465353,0.17673145746535296,93.58851627100803,0
4,156,208.5663004465348,114.54209803500882,21.14542098035009,0.11454209803500882,93.98331491818469,0
4,157,172.36349323786087,131.7589155659844,21.317589155659846,0.1317589155659844,86.62184808636039,0
4,158,224.32967995045533,131.3299269073699,21.3132992690737,0.1313299269073699,80.64921750557622,0
4,159,206.29375908111814,156.92141997271105,21.56921419972711,0.15692141997271106,82.87494089428057,0
4,160,166.64370719450557,128.12012131200586,21.28120121312006,0.12812012131200587,79.9165233961185,0
4,161,178.20768883088712,137.76392252499946,21.377639225249993,0.13776392252499947,92.49319353307611,0
4,162,178.91160756420072,142.52204791352727,21.425220479135273,0.14252204791352727,81.09330208332376,0
4,163,368.434192332257,244.81098299397956,22.448109829939796,0.24481098299397958,98.33338528514805,0
4,164,343.4979477071073,176.19356183312513,21.76193561833125,0.17619356183312512,72.83769392673497,0
4,165,356.1417642487477,259.9287502130697,22.599287502130696,0.2599287502130697,93.13949977327182,0
4,166,314.19901188509016,171.958955308912,21.71958955308912,0.171958955308912,99.03521937042555,0
4,167,384.9827832577752,211.5636506699086,22.115636506699087,0.21156365066990862,86.02366319179359,0
5,0,331.2963354605499,234.76907656351037,22.347690765635104,0.23476907656351037,87.52336770116618,0
5,1,331.6452565813988,198.37285122021754,21.983728512202177,0.19837285122021753,70.00531985289939,0
5,2,287.4317275711681,211.1376549549783,22.11137654954978,0.2111376549549783,85.83826205810973,0
5,3,260.73432215333213,151.13250659009657,21.511325065900966,0.15113250659009655,78.10846581030093,0
5,4,324.8349478179254,168.9242109829062,21.689242109829063,0.1689242109829062,81.11271472121418,0
5,5,305.2127000099892,203.98019629404672,22.039801962940466,0.20398019629404673,79.44729630096924,0
5,6,318.23170103973905,237.58655184048718,22.375865518404872,0.2375865518404872,79.4305266046912,0
5,7,339.4217174404844,172.43696505767093,21.72436965057671,0.17243696505767092,97.32357455709257,0
5,8,394.27952197839704,313.44869601946556,23.134486960194657,0.31344869601946557,79.04745135486375,1
5,9,423.32427687055855,259.31576044405966,22.5931576044406,0.2593157604440597,71.34359645332435,0
5,10,414.96351809690873,267.38218329394647,22.673821832939463,0.2673821832939465,75.81069294701956,0
5,11,431.22682720471863,282.64535044876976,22.8264535044877,0.28264535044876976,83.44559722081678,0
5,12,322.6282452128808,194.56017359298772,21.945601735929877,0.19456017359298772,82.3909971975255,0
5,13,285.22837648877476,213.18798367331627,22.131879836733162,0.21318798367331626,94.7558220855348,0
5,14,284.2518787430769,180.99827568741046,21.809982756874106,0.18099827568741045,79.36565675309602,0
5,15,278.8584769386457,217.09721889280348,22.170972188928033,0.21709721889280348,91.80390420378986,0
5,16,316.8562286818834,245.45672522981684,22.45456725229817,0.24545672522981685,80.5606931929456,0
5,17,257.7038697325366,179.32417933140286,21.793241793314028,0.17932417933140285,97.67758077417918,0
5,18,324.5138042080232,215.9798496586384,22.159798496586383,0.2159798496586384,74.50129399215155,0
5,19,542.0923776509949,333.99051759254826,23.339905175925484,0.3339905175925483,79.31064584304283,1
5,20,499.40595486954805,319.14380911930607,23.19143809119306,0.31914380911930607,95.71082290560342,1
5,21,470.88650740802234,263.48710870077696,22.63487108700777,0.26348710870077696,99.09375268535457,0
5,22,468.1371614196482,360.818253066183,23.60818253066183,0.360818253066183,79.38619636022233,1
5,23,502.2570678803331,309.0629949136698,23.090629949136698,0.3090629949136698,79.10825547304465,1
5,24,286.0066107935531,203.05596766826258,22.030559676682625,0.2030559676682626,83.19771158921515,0
5,25,336.73091267351634,243.13422294693652,22.431342229469365,0.2431342229469365,93.03215679819478,0
5,26,321.04400309146945,162.40275061273724,21.624027506127373,0.16240275061273723,78.80298913499087,0
5,27,296.6400432236193,215.82845714888813,22.15828457148888,0.21582845714888813,70.10651912772762,0
5,28,255.91291672007594,198.79331974198803,21.98793319741988,0.19879331974198802,72.29092664192747,0
5,29,273.3819141134381,192.71970206234474,21.927197020623446,0.19271970206234473,82.10721759533122,0
5,30,269.8928561956855,140.47610535712374,21.40476105357124,0.14047610535712374,85.1461294726073,0
5,31,336.9994022458675,245.63403734321474,22.45634037343215,0.24563403734321473,98.49649963765526,0
5,32,397.52611175955974,229.3855307906262,22.293855307906263,0.2293855307906262,99.1174085125701,0
5,33,412.69849557076736,281.0159478169784,22.810159478169783,0.28101594781697836,75.26204120237409,0
5,34,430.45403310682605,242.62187535072167,22.426218753507218,0.24262187535072166,82.17021360864432,0
5,35,415.50220140081717,234.329803928674,22.34329803928674,0.234329803928674,91.45673116343359,0
5,36,321.7584800749568,214.5231682148359,22.14523168214836,0.21452316821483589,95.85080964314223,0
5,37,324.9964032212448,198.7793444005343,21.987793444005344,0.19877934440053432,78.94289249863441,0
5,38,339.56238949757585,179.78337672882284,21.79783376728823,0.17978337672882286,96.74133435100781,0
5,39,277.9762061869151,150.43815289521376,21.504381528952138,0.15043815289521376,91.36902214927123,0
5,40,301.64863770647906,155.81304840137082,21.55813048401371,0.15581304840137084,88.15859941204077,0
5,41,249.57972837256125,125.3670976346573,21.253670976346573,0.1253670976346573,79.5514952322796,0
5,42,298.15856643352936,149.56101653069078,21.495610165306907,0.1495610165306908,71.16218169928024,0
5,43,533.0893586464126,384.21019358920375,23.84210193589204,0.3842101935892038,93.38960194514988,1
5,44,540.8360166825765,425.44373147016523,24.254437314701654,0.42544373147016523,74.66255283489379,1
5,45,611.4518171153247,384.40163682658846,23.844016368265883,0.38440163682658846,86.1221462146979,1
5,46,613.1894326540295,471.92097810605856,24.719209781060584,0.47192097810605854,80.17376610933772,1
5,47,588.2927808382818,339.28843120699867,23.392884312069988,0.33928843120699864,91.7328247002243,1
5,48,316.51090316356897,194.7487810052621,21.94748781005262,0.19474878100526208,80.02605476220681,0
5,49,339.9810627450869,180.57113484659527,21.80571134846595,0.18057113484659526,81.25678712912283,0
5,50,252.72570205278763,175.6384998489381,21.75638499848938,0.1756384998489381,72.5397412773325,0
5,51,288.1597880480611,221.54824422148107,22.21548244221481,0.22154824422148106,70.71517504002168,0
5,52,332.09283541386225,211.51704725278842,22.115170472527886,0.21151704725278841,81.50232000556488,0
5,53,302.54804719159864,201.25195329993187,22.01251953299932,0.20125195329993187,78.91884872358091,0
5,54,295.92058589195375,222.15933287979595,22.221593328797958,0.22215933287979595,97.49938311013112,0
5,55,337.1488692585743,183.41214838487247,21.834121483848726,0.18341214838487246,81.74875446579806,0
5,56,385.23011674316655,229.53629338054137,22.295362933805414,0.22953629338054138,84.32172603527725,0
5,57,420.84473684472664,266.8915583000924,22.668915583000924,0.2668915583000924,71.8200809750544,0
5,58,404.31599359237345,252.64577143364232,22.526457714336424,0.2526457714336423,86.72134957173374,0
5,59,405.0916496129079,280.0720757604129,22.80072075760413,0.2800720757604129,83.91104359820922,0
5,60,259.2383219407154,202.0203259013521,22.02020325901352,0.2020203259013521,81.29020408848234,0
5,61,270.5907642909254,180.6056515420064,21.806056515420064,0.1806056515420064,87.76307717224101,0
5,62,290.021014573639,146.54504754684467,21.465450475468447,0.14654504754684466,99.16552262624191,0
5,63,291.2489155017451,154.07732471593044,21.540773247159304,0.15407732471593044,71.94237186319033,0
5,64,297.98978946642137,237.39376181560831,22.373937618156084,0.2373937618156083,89.81431826758087,0
5,65,325.70667085065196,174.38361570600955,21.743836157060095,0.17438361570600955,85.56814684636804,0
5,66,267.78145431669253,168.647137942522,21.68647137942522,0.168647137942522,76.29728809627451,0
5,67,557.8959331489518,331.01799950249557,23.310179995024956,0.33101799950249555,75.77432275758565,1
5,68,554.1774807579168,379.50908967252866,23.795090896725288,0.37950908967252867,97.96839589921225,1
5,69,568.7823950549206,361.4050385868303,23.614050385868303,0.3614050385868303,70.73783305040574,1
5,70,545.1461873852218,425.4868871265217,24.254868871265217,0.4254868871265217,71.17227503510782,1
5,71,519.6414146542819,412.6683827650793,24.126683827650794,0.4126683827650793,80.07214477803664,1
5,72,326.95088364456694,187.08947072435177,21.87089470724352,0.18708947072435178,85.9243666123075,0
5,73,262.6241033118255,183.2690487333516,21.832690487333515,0.18326904873335162,84.95490480876849,0
5,74,290.6119629085721,157.39219047204318,21.573921904720432,0.15739219047204317,90.93159929372928,0
5,75,273.08832312262507,211.90225512995661,22.119022551299565,0.2119022551299566,79.24059680115971,0
5,76,297.83932530544047,202.28853232663175,22.022885323266316,0.20228853232663174,83.34758896329737,0
5,77,314.941042872857,160.3260672434874,21.603260672434875,0.16032606724348739,90.11759493291439,0
5,78,253.7242495617603,147.4103460767067,21.47410346076707,0.1474103460767067,96.24416725792004,0
5,79,260.1348408642242,176.18949069051664,21.761894906905166,0.17618949069051665,75.87783443745248,0
5,80,413.4785939761479,268.7405071455651,22.68740507145565,0.26874050714556513,78.55092140936097,0
5,81,373.59134924320085,197.4145887843831,21.974145887843832,0.19741458878438312,96.20552527410997,0
5,82,382.4864160378342,245.67335940117934,22.456733594011794,0.24567335940117935,74.13468456112747,0
5,83,386.52989690925835,200.17019029381342,22.001701902938134,0.20017019029381342,91.04714345287405,0
5,84,297.001797558393,159.43554200147497,21.59435542001475,0.15943554200147497,73.29518133568614,0
5,85,280.3503170380264,173.79848098722027,21.737984809872202,0.17379848098722028,93.4701340663244,0
5,86,259.29417506098036,139.0512508825307,21.390512508825307,0.1390512508825307,76.11725005118932,0
5,87,273.59958709049073,162.6218424828374,21.626218424828373,0.1626218424828374,81.36810305714067,0
5,88,277.81382158336606,196.41893942027355,21.964189394202734,0.19641893942027355,96.05319041883077,0
5,89,330.66418838827434,181.67450620713407,21.81674506207134,0.18167450620713407,93.46532681109015,0
5,90,292.32157328996067,167.78913205131357,21.677891320513137,0.16778913205131357,80.5761303802078,0
5,91,539.7294814337157,330.11098521557506,23.30110985215575,0.3301109852155751,89.67852783622314,1
5,92,575.2396737350515,331.5301836709893,23.315301836709892,0.3315301836709893,80.76975685567649,1
5,93,572.688400242447,375.01503420396784,23.750150342039678,0.37501503420396787,99.2041652718349,1
5,94,617.9786982492318,367.3944421007744,23.673944421007743,0.36739444210077443,81.93130170868005,1
5,95,555.8916171875361,381.3315948815565,23.813315948815564,0.3813315948815565,91.78609576552554,1
5,96,336.62223302508335,255.23553837011545,22.552355383701155,0.2552355383701154,91.59945955051398,0
5,97,295.7075971403277,162.89869720757494,21.62898697207575,0.16289869720757494,77.73555159103512,0
5,98,255.01833916354613,175.93192408382205,21.75931924083822,0.17593192408382205,71.21069376457064,0
5,99,331.69406998632303,175.43692114563603,21.75436921145636,0.17543692114563603,83.04079710503323,0
5,100,293.03454211131356,146.60916117104097,21.46609161171041,0.14660916117104097,73.88078475417247,0
5,101,318.01052439118143,210.62091931409194,22.10620919314092,0.21062091931409194,98.77945753328657,0
5,102,290.07895262295114,145.78137022934533,21.457813702293453,0.14578137022934531,90.30756183748558,0
5,103,305.82803895204376,194.6255533324382,21.946255533324383,0.1946255533324382,79.90611341700901,0
5,104,407.379254248778,324.6856944800887,23.24685694480089,0.3246856944800887,80.0870483914151,1
5,105,417.0070065098425,264.063192802411,22.64063192802411,0.264063192802411,81.41202566668507,0
5,106,399.81289139818335,256.864874708694,22.56864874708694,0.256864874708694,70.5799390043403,0
5,107,396.8513154455604,221.84378464739598,22.21843784647396,0.221843784647396,70.19175876784466,0
5,108,297.05999157260004,191.78426461221892,21.91784264612219,0.19178426461221892,96.1034313003493,0
5,109,287.10773237086585,194.07330770638825,21.940733077063882,0.19407330770638825,94.2815685044764,0
5,110,333.78726806130106,244.84351030568084,22.44843510305681,0.24484351030568083,97.14936745237434,0
5,111,281.9842931679932,202.8237297772494,22.028237297772495,0.2028237297772494,92.21659956778332,0
5,112,287.3896559317856,197.61556982856294,21.97615569828563,0.19761556982856293,96.7320485875805,0
5,113,289.90159099433566,147.3839524267718,21.473839524267717,0.1473839524267718,87.12048307873563,0
5,114,280.76525348329653,148.44566195450219,21.48445661954502,0.14844566195450218,83.561076607187,0
5,115,475.5625957329154,273.14778532301295,22.73147785323013,0.273147785323013,89.0618359406354,0
5,116,569.9965668480471,453.97206318207424,24.539720631820742,0.4539720631820742,80.01997557097734,1
5,117,613.8716131947306,457.98406568254273,24.57984065682543,0.45798406568254274,83.87524574445129,1
5,118,560.7077314346643,354.24496217266204,23.54244962172662,0.35424496217266205,96.17389281289239,1
5,119,583.8823113758157,454.22656403208,24.5422656403208,0.45422656403208,99.19441677695978,1
5,120,303.64934191183085,162.2866762958893,21.622866762958893,0.1622866762958893,89.0588179967408,0
5,121,325.7888859026219,190.35020922397374,21.903502092239737,0.19035020922397375,72.52678837075456,0
5,122,256.3157688336769,175.97429631913485,21.75974296319135,0.17597429631913486,97.92082961024879,0
5,123,304.05581953086715,235.28138553653642,22.352813855365365,0.2352813855365364,94.54607542927009,0
5,124,337.2125550603133,208.87875732320109,22.08878757323201,0.20887875732320108,88.28777314877286,0
5,125,265.6592963458464,150.0070543262428,21.500070543262428,0.1500070543262428,74.87918103613609,0
5,126,292.1522280471013,175.24897163480384,21.752489716348038,0.17524897163480382,89.34535196831723,0
5,127,317.34001917507993,205.11873917070153,22.051187391707014,0.20511873917070153,86.33658062227296,0
5,128,433.67156173572414,316.2615328559908,23.16261532855991,0.31626153285599085,74.2887318299222,1
5,129,373.98582259329544,286.81899017950354,22.868189901795034,0.2868189901795035,75.1602497238357,0
5,130,391.55445254264754,274.7931421366653,22.74793142136665,0.27479314213666534,81.97134479419397,0
5,131,403.4806647492134,284.60548415192545,22.846054841519255,0.28460548415192544,97.89541636760059,0
5,132,316.7358632603418,193.7372443438288,21.93737244343829,0.1937372443438288,83.12799727152114,0
5,133,295.8976560665226,194.91674969602275,21.94916749696023,0.19491674969602274,84.16941621694293,0
5,134,337.37660549116185,254.94549051759128,22.549454905175914,0.2549454905175913,91.75507645911682,0
5,135,282.9298559781849,219.47247564874522,22.194724756487453,0.21947247564874522,74.74164176981864,0
5,136,323.82862967057235,170.46319095316977,21.7046319095317,0.17046319095316978,82.18922581404219,0
5,137,319.06821834385374,159.63035249466594,21.59630352494666,0.15963035249466595,82.5994855241726,0
5,138,338.4943447715684,219.14838328025033,22.191483832802504,0.21914838328025033,83.4422884174736,0
5,139,566.3414420068133,298.96978485233643,22.989697848523363,0.29896978485233644,71.54685916490556,0
5,140,541.0327137456235,278.73657889486543,22.787365788948655,0.2787365788948654,77.60154455165218,0
5,141,546.6144551191009,431.5505737675887,24.315505737675885,0.43155057376758865,79.73060011451649,1
5,142,618.5732452162715,446.74861451111957,24.467486145111195,0.4467486145111196,79.46923405031643,1
5,143,500.0125562116754,261.5451187573943,22.615451187573942,0.2615451187573943,74.98529633538051,0
5,144,266.475731648663,149.26337554792536,21.492633755479254,0.14926337554792538,75.54907304016558,0
5,145,328.68005846798746,235.89653449053887,22.35896534490539,0.23589653449053888,71.19486452881188,0
5,146,340.87272651407017,220.81790986495918,22.20817909864959,0.22081790986495917,82.70131080653212,0
5,147,337.95299738097856,237.48384936094305,22.37483849360943,0.23748384936094305,76.31496289708872,0
5,148,334.60011940043324,196.57670884937187,21.96576708849372,0.19657670884937187,86.25013352664979,0
5,149,252.57930592524812,127.04506948272176,21.27045069482722,0.12704506948272176,80.5066775946664,0
5,150,272.4841788138235,151.8640980582332,21.518640980582333,0.1518640980582332,83.51678736406296,0
5,151,322.1186553996735,186.6322011646985,21.866322011646986,0.1866322011646985,92.12320234814179,0
5,152,408.1349080883761,239.67293184734197,22.39672931847342,0.23967293184734198,78.70790206686098,0
5,153,421.1976519310154,266.85332560431215,22.668533256043123,0.26685332560431213,94.55890205308862,0
5,154,377.4536729838173,225.25487570571605,22.25254875705716,0.22525487570571603,99.14118649701959,0
5,155,430.0568667870088,327.21436043540507,23.27214360435405,0.3272143604354051,80.50246041219982,1
5,156,290.03529119557595,219.0083750320237,22.190083750320237,0.2190083750320237,92.35364934596056,0
5,157,259.2679361416384,173.31029882811697,21.73310298828117,0.17331029882811697,99.31486214271426,0
5,158,254.58776600607527,136.4531714028087,21.364531714028086,0.1364531714028087,94.03411928222498,0
5,159,283.07687393016334,177.74664729568096,21.77746647295681,0.17774664729568096,98.65064762339281,0
5,160,274.77497082737756,161.26760869525984,21.612676086952597,0.16126760869525983,81.2186807246106,0
5,161,319.7566721188655,202.22316521028648,22.022231652102864,0.2022231652102865,77.75729966791806,0
5,162,336.0690694819148,169.6386509454418,21.696386509454417,0.1696386509454418,91.30666251641787,0
5,163,488.20425233531745,384.37142755200944,23.843714275520092,0.3843714275520094,79.71155815657207,1
5,164,566.7897468951503,375.76750475743955,23.757675047574395,0.37576750475743953,86.44919008922764,1
5,165,607.6147324659318,357.23951209940674,23.572395120994067,0.35723951209940674,98.89591797707156,1
5,166,607.3772333800162,309.44866019697787,23.094486601969777,0.30944866019697786,74.21807266696295,1
5,167,538.0251326836691,350.1712846094993,23.501712846094993,0.3501712846094993,96.71557215212394,1
6,0,365.8203455057226,241.55471193695163,22.415547119369517,0.24155471193695163,73.76414054263347,0
6,1,357.04683107581553,235.88955125689233,22.358895512568925,0.23588955125689234,82.97787781121774,0
6,2,312.25243951434516,185.69683285219938,21.856968328521994,0.18569683285219937,79.08511756847702,0
6,3,320.94931566954523,221.89131607203126,22.218913160720312,0.22189131607203125,95.1561464470607,0
6,4,319.1785795870846,181.2353930734161,21.81235393073416,0.1812353930734161,95.1690639677876,0
6,5,353.72177692042976,213.59081041641286,22.13590810416413,0.21359081041641287,78.4786722988987,0
6,6,378.6706874481206,263.7301618770921,22.63730161877092,0.2637301618770921,78.85294849451294,0
6,7,287.06359187053386,222.97839851019813,22.22978398510198,0.22297839851019813,76.32462500939229,0
6,8,462.41462339055005,256.1249350059576,22.561249350059576,0.25612493500595757,89.46868096323404,0
6,9,480.19806196933894,267.77434019306355,22.677743401930634,0.26777434019306356,95.45835671554184,0
6,10,493.5017814533841,275.9538384635654,22.759538384635654,0.27595383846356536,80.13617717117428,0
6,11,460.3550006496686,302.74927954984315,23.027492795498432,0.30274927954984315,72.16835216125757,1
6,12,371.0418945601495,240.2209144854469,22.402209144854467,0.2402209144854469,91.46461063155995,0
6,13,339.49119777628925,248.60137134480803,22.48601371344808,0.24860137134480803,99.65045798572817,0
6,14,313.2990208531278,176.58860485980492,21.76588604859805,0.1765886048598049,89.8594952108233,0
6,15,338.6332441906447,170.43053067131743,21.704305306713174,0.17043053067131742,81.09504812808811,0
6,16,316.2053958583641,177.31057629007321,21.773105762900734,0.1773105762900732,98.15793849783303,0
6,17,372.62773318634777,243.87523610295352,22.438752361029536,0.24387523610295353,98.68759795578606,0
6,18,350.79244826698994,213.8910826731827,22.138910826731827,0.2138910826731827,88.66813340326203,0
6,19,676.8152745859993,457.4990819375953,24.57499081937595,0.4574990819375953,87.97745682276867,1
6,20,548.3261438586046,296.9678908588724,22.969678908588726,0.29696789085887243,82.83974221570257,0
6,21,646.2493678720655,441.6354365561662,24.416354365561663,0.4416354365561662,87.28451618839517,1
6,22,544.1753800089612,332.0980855279007,23.320980855279007,0.3320980855279007,84.64449843545623,1
6,23,599.967334199392,405.4504719154152,24.054504719154153,0.4054504719154152,95.94043934462307,1
6,24,373.0783097080181,213.74579184683668,22.137457918468368,0.21374579184683667,97.67666128234568,0
6,25,294.14644451349193,157.67677599700176,21.576767759970018,0.15767677599700175,80.2526377032472,0
6,26,370.8664024992966,242.89761412078855,22.428976141207887,0.24289761412078856,94.18040266373069,0
6,27,311.5462314088545,238.43515180049224,22.384351518004923,0.23843515180049224,87.66655544140764,0
6,28,315.7263734629582,170.81458803649423,21.708145880364942,0.17081458803649424,74.43288618745183,0
6,29,323.7956863352545,240.3842113628858,22.40384211362886,0.2403842113628858,86.60665994842928,0
6,30,385.0756823588761,256.00765464903196,22.56007654649032,0.25600765464903197,77.93145472378602,0
6,31,300.5346557685222,157.82781803203315,21.578278180320332,0.15782781803203316,71.33513735439551,0
6,32,461.64292031511025,345.79239933038974,23.457923993303897,0.34579239933038974,79.78634077873159,1
6,33,470.38628827733913,253.79039251627663,22.537903925162766,0.2537903925162766,82.81477539870463,0
6,34,482.5804905676391,273.7477306757712,22.73747730675771,0.2737477306757712,94.9210088113103,0
6,35,464.32146409837554,252.4491728313872,22.524491728313873,0.2524491728313872,97.91680934264143,0
6,36,315.3795858246552,161.59009144515164,21.615900914451515,0.16159009144515163,99.86081210319497,0
6,37,345.0240730052903,216.51398749240823,22.165139874924083,0.21651398749240824,72.37001281569421,0
6,38,356.23927342761823,228.96525934709263,22.289652593470926,0.22896525934709264,77.41791369950126,0
6,39,358.2566958077871,246.8632241824875,22.468632241824874,0.2468632241824875,76.77008583691568,0
6,40,317.01310866598595,163.50584585040914,21.63505845850409,0.16350584585040914,74.32635956554084,0
6,41,329.43074148689317,173.22697042881785,21.73226970428818,0.17322697042881785,92.46257847423878,0
6,42,379.2269851061336,239.99688782625336,22.399968878262534,0.23999688782625336,99.04171644990419,0
6,43,554.9252040057863,402.20506808742834,24.022050680874283,0.40220506808742834,98.81614514688384,1
6,44,547.9812690473653,420.07028501280297,24.20070285012803,0.42007028501280297,82.54954070373432,1
6,45,557.8696449232189,342.48195399629265,23.424819539962925,0.34248195399629267,92.54718970275616,1
6,46,585.787550549941,382.6537422792279,23.826537422792278,0.38265374227922794,72.44430161348012,1
6,47,635.0672040459624,348.19336431372653,23.481933643137264,0.34819336431372655,87.43053085625037,1
6,48,303.06421439335526,237.6633941362728,22.376633941362726,0.23766339413627283,90.89592558244728,0
6,49,344.7506672381713,217.32149015558042,22.173214901555802,0.21732149015558042,73.29743305377855,0
6,50,387.4425141667154,213.21447593326573,22.132144759332657,0.21321447593326573,93.0480170409376,0
6,51,320.2798077877358,203.17349870051618,22.031734987005162,0.20317349870051618,74.36918930499094,0
6,52,365.9883627482716,253.5952757070779,22.535952757070778,0.2535952757070779,98.59972473733346,0
6,53,305.0260748295987,199.25770906239862,21.992577090623985,0.19925770906239862,93.5818319607185,0
6,54,350.0381199705524,207.95028460401485,22.07950284604015,0.20795028460401485,94.57819880928844,0
6,55,328.01029813206213,261.64186154680965,22.616418615468096,0.26164186154680963,72.04059880437738,0
6,56,489.46913730778704,324.0882028654956,23.240882028654955,0.3240882028654956,71.14965702742256,1
6,57,469.60696526799137,237.72007266234021,22.377200726623403,0.23772007266234021,77.92005501299707,0
6,58,462.1118933589609,353.8249425064418,23.538249425064418,0.3538249425064418,93.02540992085609,1
6,59,433.4544456151054,281.29318430632594,22.81293184306326,0.28129318430632594,92.64225361358685,0
6,60,367.8066181336,288.682644137879,22.88682644137879,0.288682644137879,80.750208535573,0
6,61,309.5960058799465,167.05331334288752,21.670533133428876,0.16705331334288753,89.85184222408101,0
6,62,323.0158939901164,199.1577599745159,21.99157759974516,0.1991577599745159,87.78886422882071,0
6,63,323.6525667504944,163.2802934690619,21.63280293469062,0.1632802934690619,89.64230874725668,0
6,64,363.36646475835545,279.1354368323298,22.791354368323297,0.2791354368323298,92.60191828676346,0
6,65,335.3022251688367,177.04565449120693,21.77045654491207,0.17704565449120693,85.38315269802659,0
6,66,314.71203875472867,227.34425726660115,22.273442572666013,0.22734425726660115,84.96720248994257,0
6,67,662.4803637481103,348.03775191547567,23.480377519154757,0.34803775191547565,84.0112954353924,1
6,68,686.0941670817031,535.9546648372377,25.359546648372376,0.5359546648372377,98.77511078597952,1
6,69,548.0208485556,436.8128107983667,24.368128107983665,0.4368128107983667,77.78314899674655,1
6,70,594.8182436440792,303.4524926682686,23.034524926682685,0.30345249266826857,85.82872856890668,1
6,71,627.2443575258089,463.86710258904884,24.63867102589049,0.46386710258904884,76.5646990569864,1
6,72,368.00531253823436,208.88766018596925,22.088876601859692,0.20888766018596924,80.71308194856861,0
6,73,319.68007137056,227.7113802233287,22.277113802233288,0.22771138022332868,85.02940343335374,0
6,74,359.52178764546295,183.38490181555255,21.833849018155526,0.18338490181555256,94.0024366697635,0
6,75,386.0935818162008,260.3992167234467,22.603992167234466,0.26039921672344674,94.43141357701144,0
6,76,389.05961470084645,200.3652376673726,22.003652376673728,0.2003652376673726,74.31187072792318,0
6,77,316.0928432218239,215.86633520971887,22.15866335209719,0.21586633520971887,76.88072316200754,0
6,78,322.3632246623379,197.69061548912595,21.97690615489126,0.19769061548912595,94.12008501285712,0
6,79,325.4031366370263,205.4490490964672,22.05449049096467,0.20544904909646722,74.05816978923029,0
6,80,464.7359175118017,367.37023833538683,23.67370238335387,0.36737023833538685,91.14127644003531,1
6,81,484.89754558436414,365.8049968175771,23.65804996817577,0.3658049968175771,94.7975708953578,1
6,82,460.56712947368663,322.9537884507253,23.229537884507252,0.3229537884507253,80.06661217442127,1
6,83,470.83059424732727,237.86144997429489,22.378614499742948,0.2378614499742949,92.9809255507719,0
6,84,378.1488521152299,228.61375012921843,22.286137501292185,0.22861375012921842,92.87524524809899,0
6,85,307.0644351123959,183.8351954502097,21.838351954502098,0.1838351954502097,72.85936096597958,0
6,86,303.64567224572886,160.7202350925128,21.607202350925128,0.16072023509251282,77.47828154974093,0
6,87,324.70835574073715,174.86830638638133,21.748683063863812,0.17486830638638134,79.47916960264884,0
6,88,306.0196120829991,192.45967250438562,21.924596725043855,0.19245967250438561,81.15809105037377,0
6,89,355.48578990157364,256.3981866977889,22.56398186697789,0.2563981866977889,74.70636491502151,0
6,90,383.74686539462516,210.66955980043068,22.106695598004308,0.21066955980043067,84.9974971685576,0
6,91,613.9400937160203,481.36881219077276,24.813688121907727,0.48136881219077277,86.4420218035875,1
6,92,590.8518463645199,305.24968294609755,23.052496829460974,0.30524968294609756,90.75861978526233,1
6,93,550.7882257126544,366.8258694676139,23.66825869467614,0.3668258694676139,98.98037293086298,1
6,94,552.7246816646845,346.152447086561,23.46152447086561,0.346152447086561,81.99836131565323,1
6,95,630.9791052927948,483.19906067865844,24.831990606786583,0.4831990606786584,79.40360089554176,1
6,96,339.58399094425965,224.51223717775193,22.24512237177752,0.22451223717775193,78.73446434852004,0
6,97,357.0257552441903,258.8572319847366,22.588572319847366,0.2588572319847366,86.4480033694513,0
6,98,314.75031972716283,221.07431283052819,22.210743128305282,0.2210743128305282,90.79645289672976,0
6,99,332.6050840255108,174.20270455528305,21.74202704555283,0.17420270455528306,81.82635972321579,0
6,100,334.7441582379331,261.0350916759641,22.610350916759643,0.2610350916759641,77.93219094315741,0
6,101,375.54882447242136,236.69222886993785,22.366922288699378,0.23669222886993785,94.28608996337523,0
6,102,361.4016213949038,277.55457134075766,22.775545713407578,0.27755457134075767,72.46480662157235,0
6,103,310.99830041021085,176.02231977967668,21.760223197796766,0.17602231977967667,77.02700061958923,0
6,104,466.6516130226582,244.32240944698935,22.443224094469894,0.24432240944698935,82.1271119519497,0
6,105,487.9304358151251,271.52478923660516,22.71524789236605,0.27152478923660517,83.08203877222606,0
6,106,459.0021538235523,266.5565702060078,22.66556570206008,0.2665565702060078,70.86950093426913,0
6,107,427.9095220379696,235.68617999571774,22.356861799957176,0.23568617999571773,86.38878676192274,0
6,108,364.42265392406927,201.31109076744275,22.013110907674427,0.20131109076744275,95.76883305817303,0
6,109,351.67432410383975,233.66230516452603,22.33662305164526,0.23366230516452602,81.53767643530107,0
6,110,326.3961292703006,246.68716984622537,22.466871698462253,0.24668716984622538,76.31609571481923,0
6,111,383.762852695874,232.64239527420372,22.326423952742037,0.23264239527420372,99.98364462878831,0
6,112,351.3372917253686,268.58460219597833,22.685846021959783,0.26858460219597835,83.74537447502874,0
6,113,352.91219947519323,214.19912187224702,22.14199121872247,0.21419912187224702,86.83611489961828,0
6,114,314.0926566726026,200.38300238372474,22.003830023837246,0.20038300238372475,78.9918192835433,0
6,115,565.2684800622245,321.00116633066057,23.210011663306606,0.32100116633066056,82.18475824737554,1
6,116,623.3716508230058,467.08542157023754,24.670854215702377,0.4670854215702375,80.64160194147554,1
6,117,572.9946508344592,379.87689631800083,23.79876896318001,0.3798768963180008,99.64262710328389,1
6,118,632.9034843905154,470.37578278111323,24.70375782781113,0.47037578278111325,78.28974183169132,1
6,119,658.8156473022935,480.71494928698775,24.807149492869875,0.48071494928698777,91.78228014956268,1
6,120,326.6586442969498,174.37431044229984,21.743743104422997,0.17437431044229984,79.14805273765134,0
6,121,380.88097253618304,295.1647902918545,22.951647902918545,0.2951647902918545,92.30651919668249,0
6,122,294.58526069307004,199.53136877456907,21.99531368774569,0.19953136877456906,72.33006968281947,0
6,123,293.4719632817654,148.9218394905488,21.48921839490549,0.1489218394905488,89.73357484815314,0
6,124,382.951236971796,260.5520622260083,22.605520622260084,0.2605520622260083,75.15148234404599,0
6,125,366.50987838642953,188.84401504066122,21.888440150406613,0.18884401504066123,89.54650879814162,0
6,126,365.0912470057216,198.78372191973082,21.98783721919731,0.19878372191973082,80.40564175580823,0
6,127,306.0920524635686,189.6777584054572,21.896777584054572,0.18967775840545723,87.077993701343,0
6,128,449.02281385684364,281.6580926674606,22.816580926674607,0.2816580926674606,97.09751881171078,0
6,129,448.2296117314008,294.72834614987494,22.94728346149875,0.2947283461498749,83.1594769501095,0
6,130,470.482270527228,272.4243854454937,22.724243854454937,0.27242438544549374,73.83606633918836,0
6,131,434.3727591817209,292.0584499658442,22.920584499658442,0.2920584499658442,79.54435136905424,0
6,132,380.0269515987981,289.3318244563613,22.893318244563613,0.2893318244563613,74.17282581003163,0
6,133,355.15923386681453,244.14833725595994,22.4414833725596,0.24414833725595994,87.82007856041079,0
6,134,318.92186264480875,201.1661948764372,22.01166194876437,0.2011661948764372,82.2592636981806,0
6,135,324.68812508784345,189.25132328540553,21.892513232854057,0.18925132328540553,92.21334513565517,0
6,136,381.8325215904668,249.92280681055016,22.499228068105502,0.24992280681055015,74.82123625140348,0
6,137,339.8290207656862,186.62730881265202,21.86627308812652,0.18662730881265202,97.14551513521313,0
6,138,340.43710868033156,218.02191326604395,22.18021913266044,0.21802191326604395,94.00025316215967,0
6,139,567.8359401255386,286.14099923652265,22.861409992365225,0.28614099923652264,93.6991292103718,0
6,140,692.9223106998087,398.9891990246751,23.98989199024675,0.3989891990246751,87.94670962904473,1
6,141,599.1368797296292,413.21968807404284,24.13219688074043,0.41321968807404286,92.2928804087141,1
6,142,536.5438392835267,303.51849495874814,23.03518494958748,0.3035184949587481,91.17720631489264,1
6,143,677.418651459707,392.03403663071805,23.92034036630718,0.39203403663071806,95.77945950849525,1
6,144,368.57592135198644,242.40547459732178,22.42405474597322,0.24240547459732179,87.85096774331657,0
6,145,372.4029841348734,192.68866627898976,21.926886662789897,0.19268866627898976,87.84115602843676,0
6,146,289.23977175656466,146.27519573704828,21.462751957370482,0.14627519573704828,77.35302232823076,0
6,147,338.85117560910567,189.10451949779593,21.89104519497796,0.18910451949779594,92.11025923548877,0
6,148,294.3775737186831,186.05854924102363,21.860585492410237,0.18605854924102364,94.47375936074572,0
6,149,382.4350099229713,232.50169816258548,22.325016981625854,0.23250169816258548,72.56432676020324,0
6,150,327.32069033995083,196.42033966034367,21.964203396603438,0.19642033966034367,75.40673532869265,0
6,151,317.8911627310433,203.5711130395088,22.035711130395086,0.20357111303950878,93.02841752451765,0
6,152,482.5054116206042,254.54577546502725,22.545457754650272,0.25454577546502727,88.84574287187327,0
6,153,496.3360914828151,331.08065728927704,23.31080657289277,0.33108065728927705,98.82774775322981,1
6,154,445.03082631477554,308.99323601990005,23.089932360199,0.30899323601990003,82.56350174702503,1
6,155,494.17856372901525,299.5871016349302,22.9958710163493,0.2995871016349302,71.83714701753273,0
6,156,337.3138563666312,223.93781096466157,22.239378109646616,0.22393781096466156,87.58126152823449,0
6,157,314.073125639419,246.21969808900775,22.462196980890077,0.24621969808900776,70.71671098231717,0
6,158,379.3376244344755,276.51826544962074,22.765182654496208,0.2765182654496207,75.30891368480036,0
6,159,353.4057442584191,191.7213151213652,21.91721315121365,0.1917213151213652,96.44751751382891,0
6,160,299.31704519608843,177.25042939745205,21.77250429397452,0.17725042939745206,77.85535753288183,0
6,161,366.63027984986746,273.95311319448393,22.73953113194484,0.27395311319448395,92.54863206164283,0
6,162,368.0307272762726,258.43595495137066,22.584359549513707,0.25843595495137067,73.44073330002605,0
6,163,708.0158661678338,511.0206793179209,25.11020679317921,0.511020679317921,78.69584760249231,1
6,164,636.0282220377055,463.0303461928982,24.630303461928982,0.46303034619289823,77.99933185659752,1
6,165,703.8172609160313,556.0523538963881,25.56052353896388,0.5560523538963881,80.55418067230434,1
6,166,591.6395322329312,456.0128398408417,24.560128398408416,0.45601283984084173,90.57134306430402,1
6,167,635.9775417377381,475.367344024569,24.75367344024569,0.475367344024569,89.08107337307706,1
7,0,219.14293427747967,122.7986137391213,21.227986137391213,0.12279861373912129,83.35249426463724,0
7,1,234.25450668739632,153.24274886097746,21.532427488609773,0.15324274886097747,87.34618598054824,0
7,2,221.25342651008933,161.37297747946093,21.61372977479461,0.16137297747946092,95.41968886217315,0
7,3,205.410471859948,154.92537289831287,21.54925372898313,0.15492537289831287,96.1194220152118,0
7,4,228.32684171269213,168.16089415838223,21.68160894158382,0.16816089415838223,95.747114150955,0
7,5,268.95964325410273,169.06712560945138,21.690671256094515,0.1690671256094514,96.52191001920639,0
7,6,213.22512466580136,166.2684145231785,21.662684145231786,0.1662684145231785,77.67901506517737,0
7,7,245.15497545959286,190.15881200756138,21.901588120075616,0.19015881200756138,94.67032371183436,0
7,8,334.5906292115074,252.2346229030996,22.522346229030994,0.2522346229030996,88.75456543799443,0
7,9,308.01619085386795,237.92173009195628,22.379217300919564,0.23792173009195627,70.15141723347664,0
7,10,322.0477929090273,191.21872491962608,21.91218724919626,0.19121872491962608,99.80527249123615,0
7,11,320.29811988273286,222.99064869537466,22.229906486953745,0.22299064869537466,75.17332737311358,0
7,12,262.0856203783418,202.90375425765495,22.02903754257655,0.20290375425765494,92.37920962752382,0
7,13,263.33562767729467,154.96810722075583,21.54968107220756,0.15496810722075582,88.785643753064,0
7,14,208.9961810947484,157.81193504302698,21.57811935043027,0.15781193504302699,86.60550538065431,0
7,15,254.98329414074965,142.24212797937406,21.422421279793742,0.14224212797937405,75.34002571560504,0
7,16,266.44672306212317,165.32786997256275,21.65327869972563,0.16532786997256274,84.33108305905915,0
7,17,225.17786519938971,121.02283388977906,21.210228338897792,0.12102283388977907,73.01317913207558,0
7,18,224.62206089039114,119.20539838188074,21.19205398381881,0.11920539838188074,86.60292612302032,0
7,19,469.15514086622386,304.44333189998173,23.04443331899982,0.30444333189998174,72.67020472131752,1
7,20,450.8742523558735,314.14111870746797,23.14141118707468,0.31414111870746797,96.23035827940082,1
7,21,453.9106093882118,240.92515491509369,22.409251549150937,0.2409251549150937,99.81828372444117,0
7,22,396.41191669901144,207.09262054072335,22.070926205407233,0.20709262054072333,81.26324934834696,0
7,23,410.59821750255577,323.79044218070646,23.237904421807066,0.32379044218070646,96.01719071936729,1
7,24,277.92750045187455,146.77472616809126,21.467747261680913,0.14677472616809126,98.02626273764524,0
7,25,248.1842163839913,174.80880762522347,21.748088076252234,0.17480880762522347,92.86466441675746,0
7,26,268.7507446717963,198.11542896967327,21.981154289696732,0.19811542896967327,71.9233074436457,0
7,27,224.2089811405097,123.50152081207943,21.235015208120796,0.12350152081207943,97.46093730795391,0
7,28,241.94102766376662,184.6529827127872,21.84652982712787,0.1846529827127872,83.76986868335483,0
7,29,252.55178371842348,192.79821008059162,21.927982100805917,0.19279821008059161,93.23324956064775,0
7,30,276.60394101828473,138.31947316146116,21.383194731614612,0.13831947316146115,84.88192392295561,0
7,31,207.2700298941398,108.82022302720479,21.08820223027205,0.10882022302720479,72.3736313326912,0
7,32,347.26920691460606,179.19515850989555,21.791951585098957,0.17919515850989554,71.41183334770442,0
7,33,327.5830953677119,238.74902700627194,22.38749027006272,0.23874902700627196,97.4622685568996,0
7,34,336.2702545611675,205.8716542367596,22.058716542367595,0.2058716542367596,96.53776480897125,0
7,35,314.39278228818534,211.47447889618695,22.11474478896187,0.21147447889618695,85.93730451147393,0
7,36,275.76134809575086,142.19648663318415,21.42196486633184,0.14219648663318415,93.20664031075384,0
7,37,227.32518182259406,123.50480644674927,21.23504806446749,0.12350480644674927,73.75952085764855,0
7,38,253.5918624190964,179.92365039030466,21.799236503903046,0.17992365039030467,70.07019276263924,0
7,39,203.89349052561272,158.30583867976637,21.583058386797664,0.15830583867976636,85.00707624249813,0
7,40,263.73547736222247,152.44886115150737,21.524488611515075,0.15244886115150738,73.36582102361581,0
7,41,270.7843913316418,142.95895787202815,21.429589578720282,0.14295895787202814,85.42463168151195,0
7,42,220.28608090612636,137.72340604484177,21.37723406044842,0.13772340604484176,94.62444030544609,0
7,43,447.54349140086646,313.91422807641385,23.13914228076414,0.31391422807641384,98.17246028414644,1
7,44,389.79666523275773,234.27194068312977,22.342719406831296,0.23427194068312976,90.26508553207901,0
7,45,419.4839341246555,230.70882968122459,22.307088296812246,0.23070882968122458,93.16979362869802,0
7,46,437.5155066997474,308.73841948079007,23.0873841948079,0.30873841948079006,78.79899606417818,1
7,47,463.2121495106935,247.40474971921736,22.474047497192174,0.24740474971921736,90.68384482041972,0
7,48,268.19563601829117,147.39870080765579,21.47398700807656,0.1473987008076558,78.63085910051045,0
7,49,278.27272289065917,211.29428211745596,22.11294282117456,0.21129428211745596,73.39996286184764,0
7,50,248.0725604242991,156.11247250624473,21.56112472506245,0.15611247250624471,79.7623001465037,0
7,51,242.1227372476493,161.32660678430506,21.61326606784305,0.16132660678430505,81.75503481603678,0
7,52,207.04605737964866,164.9873801318174,21.649873801318172,0.16498738013181738,97.86457981400183,0
7,53,203.01018817029532,122.02518642720295,21.22025186427203,0.12202518642720295,92.91985175191671,0
7,54,236.25647583089764,146.2523144805418,21.462523144805417,0.1462523144805418,95.30730653704259,0
7,55,232.59308386123567,158.19778343642815,21.58197783436428,0.15819778343642815,70.52413411000542,0
7,56,341.62193161827037,240.5156570410577,22.405156570410576,0.2405156570410577,72.20625538404043,0
7,57,337.87272841953626,180.2720150838959,21.802720150838958,0.1802720150838959,82.18923239209633,0
7,58,334.18948626218065,190.46192300101956,21.904619230010194,0.19046192300101955,70.42179633411493,0
7,59,332.72607235551294,190.7530269048128,21.907530269048127,0.1907530269048128,93.6631403458314,0
7,60,207.32441312566286,152.46007010954816,21.52460070109548,0.15246007010954815,96.42603026845974,0
7,61,202.93191216454977,144.85170089409343,21.448517008940936,0.14485170089409344,87.65378085602255,0
7,62,218.6126238140588,163.11722674345373,21.631172267434536,0.16311722674345372,96.12243150771954,0
7,63,214.68520732624387,147.65284042598947,21.476528404259895,0.14765284042598947,84.61827412528675,0
7,64,275.72448737377175,158.11238115970443,21.581123811597045,0.15811238115970444,76.87773540028309,0
7,65,268.43358440897873,143.36934672277866,21.433693467227787,0.14336934672277865,92.19465756116645,0
7,66,270.8753822316051,203.3943829537332,22.033943829537332,0.20339438295373322,73.66766487269642,0
7,67,485.3008330908076,297.13971722769446,22.971397172276944,0.29713971722769444,90.94557930103986,0
7,68,454.7518944805179,357.392388039454,23.57392388039454,0.357392388039454,91.71237123143128,1
7,69,469.00936470974716,282.4182508060465,22.824182508060467,0.2824182508060465,98.30308844644736,0
7,70,460.0383981703871,334.9663645486048,23.349663645486046,0.3349663645486048,93.98914047579461,1
7,71,445.51621461871144,237.48493474347003,22.3748493474347,0.23748493474347004,93.2932460937622,0
7,72,229.65934947927505,181.2386009086375,21.812386009086374,0.1812386009086375,70.50771623614781,0
7,73,241.4333310786708,135.38776740696886,21.35387767406969,0.13538776740696887,71.64460392635347,0
7,74,247.84076826976096,197.6334391590064,21.976334391590065,0.1976334391590064,72.88557082154757,0
7,75,229.22015150360008,167.87878020518343,21.678787802051833,0.16787878020518343,96.08214868966564,0
7,76,221.89372093012312,175.59152125988368,21.755915212598836,0.17559152125988367,85.19548399433624,0
7,77,220.80388297416812,173.89728236378932,21.738972823637894,0.17389728236378932,90.1532665491004,0
7,78,246.35303682693936,132.6874214790789,21.326874214790788,0.1326874214790789,80.79089415456953,0
7,79,210.51370565669336,114.53067735176323,21.145306773517632,0.11453067735176323,98.93038531875669,0
7,80,351.1233941819359,211.51851540411948,22.115185154041196,0.21151851540411948,75.22564102847123,0
7,81,307.91486847887774,227.2462125192633,22.272462125192632,0.2272462125192633,82.5849483023642,0
7,82,339.3968040847731,185.4561435982123,21.854561435982124,0.1854561435982123,82.60378390359011,0
7,83,303.79901549068353,161.28024705724442,21.612802470572444,0.16128024705724442,94.27740545251842,0
7,84,261.3276554706831,185.39663054714435,21.853966305471445,0.18539663054714436,72.01009169029143,0
7,85,224.31271946051257,133.7689621284908,21.33768962128491,0.13376896212849082,70.20034625851204,0
7,86,276.078938944701,194.6119101947773,21.946119101947772,0.1946119101947773,85.369522448107,0
7,87,272.2027452509253,183.2477823791822,21.832477823791823,0.1832477823791822,71.2379210293257,0
7,88,220.39365242710488,156.72587643117825,21.56725876431178,0.15672587643117825,86.74792157083944,0
7,89,250.4267565559991,158.52515492600847,21.585251549260086,0.15852515492600847,73.35917752798481,0
7,90,206.63854870733192,114.91516170928134,21.149151617092812,0.11491516170928133,83.60614338433068,0
7,91,449.7032123631062,337.7783355321634,23.377783355321633,0.3377783355321634,92.34394885688597,1
7,92,384.4474604443724,306.89854809171044,23.068985480917103,0.30689854809171047,86.71262620052171,1
7,93,478.2807012928444,366.816561156504,23.66816561156504,0.366816561156504,89.79294849328956,1
7,94,405.36180112586305,236.9702797465375,22.369702797465376,0.2369702797465375,93.68077591845531,0
7,95,497.55806446210175,374.37963771968,23.7437963771968,0.37437963771967997,79.99420672936895,1
7,96,205.29329645845544,110.19515282148629,21.10195152821486,0.11019515282148629,72.8393146507465,0
7,97,264.42908465237434,189.49941475343763,21.894994147534376,0.18949941475343762,92.6028756073415,0
7,98,241.00726885456427,140.0391364856712,21.400391364856713,0.1400391364856712,92.19223747526324,0
7,99,204.652597369787,152.03017311246242,21.520301731124626,0.15203017311246242,90.32315148421254,0
7,100,260.1584108593761,179.2641207665934,21.792641207665934,0.1792641207665934,93.95734762190507,0
7,101,248.435620290509,176.6992488905809,21.76699248890581,0.1766992488905809,83.74498688204568,0
7,102,243.47282659638006,172.88038370777323,21.72880383707773,0.17288038370777323,81.01256090111984,0
7,103,234.94392678565657,169.32930812946213,21.69329308129462,0.16932930812946215,86.73803190417641,0
7,104,353.6699964879853,207.94071508938143,22.079407150893815,0.20794071508938142,93.63405211910711,0
7,105,305.9285619249944,214.0455380452282,22.14045538045228,0.2140455380452282,76.98664958403207,0
7,106,335.3259289688658,226.83724838490917,22.26837248384909,0.22683724838490918,76.37458969596135,0
7,107,336.84733369648444,180.08771928267498,21.80087719282675,0.18008771928267497,93.91610679177357,0
7,108,277.6395061967502,159.9862274935831,21.59986227493583,0.1599862274935831,78.70053971990822,0
7,109,217.85171011041442,149.21395530623835,21.492139553062383,0.14921395530623835,87.9060338579246,0
7,110,206.0575453268344,158.3255349699335,21.583255349699336,0.1583255349699335,97.25429982287801,0
7,111,253.33122926578568,140.27469633573185,21.40274696335732,0.14027469633573184,91.48827938620455,0
7,112,239.8482341420707,166.73281587991923,21.667328158799194,0.16673281587991923,76.11449661995509,0
7,113,251.19737582014866,144.39474880662576,21.443947488066257,0.14439474880662576,78.33300078130526,0
7,114,223.28443708260497,149.78118468007415,21.49781184680074,0.14978118468007415,85.29664555164294,0
7,115,415.92048282715376,311.13629823548627,23.111362982354862,0.3111362982354863,75.07215405648896,1
7,116,386.35536903400344,225.73199042178197,22.25731990421782,0.22573199042178196,90.56388670805848,0
7,117,425.6803200626916,283.9556308287552,22.839556308287552,0.2839556308287552,81.90729735442896,0
7,118,441.2584083312359,261.4157688424311,22.61415768842431,0.26141576884243106,91.68757079079896,0
7,119,407.4646003068036,319.23561588413486,23.19235615884135,0.31923561588413485,86.98494911623249,1
7,120,236.45032923794224,151.16917354163198,21.51169173541632,0.15116917354163198,90.06912530772215,0
7,121,234.26046559431285,161.7210228324698,21.617210228324698,0.1617210228324698,72.53208775562943,0
7,122,239.3139654757427,186.90519122860113,21.86905191228601,0.18690519122860114,85.25923196169714,0
7,123,206.75168107467934,108.34131865766942,21.083413186576696,0.10834131865766942,90.29710456929745,0
7,124,233.8446038988489,117.36337516321869,21.173633751632188,0.1173633751632187,86.62034460952768,0
7,125,256.9139371190927,183.99792184020467,21.839979218402046,0.18399792184020466,80.47072039691247,0
7,126,275.1536515615123,217.06347552732873,22.170634755273287,0.21706347552732874,83.46368604639306,0
7,127,204.6021174541028,148.99497738613127,21.489949773861312,0.14899497738613127,70.57490047676629,0
7,128,352.5823072360442,227.1749051165103,22.271749051165102,0.2271749051165103,78.7123741581594,0
7,129,309.8629468105081,210.24780056761344,22.102478005676133,0.21024780056761344,98.97491551389506,0
7,130,311.23142138864756,169.5896559779355,21.695896559779356,0.16958965597793552,75.39862851963726,0
7,131,321.2365223145794,225.6044717128683,22.25604471712868,0.2256044717128683,73.33834210168585,0
7,132,225.1373119049125,121.22901481473231,21.212290148147325,0.1212290148147323,91.21051898768572,0
7,133,253.89598881511927,151.64950408605398,21.51649504086054,0.151649504086054,87.18541386087787,0
7,134,251.7128236166575,147.88208154289734,21.478820815428975,0.14788208154289734,88.21593030334071,0
7,135,214.587546729241,123.60825029400797,21.23608250294008,0.12360825029400797,72.12297418290775,0
7,136,276.70252060500684,185.95527699867634,21.859552769986763,0.18595527699867634,95.25771877272477,0
7,137,258.4995815002214,162.04588264193512,21.620458826419352,0.16204588264193512,70.24703363440251,0
7,138,271.09011574150406,181.76692000054416,21.81766920000544,0.18176692000054417,70.097754366551,0
7,139,387.5964351738508,255.88783412324238,22.558878341232422,0.2558878341232424,89.53161089036591,0
7,140,380.6481784732914,235.56384665021815,22.35563846650218,0.23556384665021815,96.87681024878071,0
7,141,379.9583165894096,192.11535532809978,21.921153553281,0.19211535532809978,76.76183977386845,0
7,142,453.03738870430806,231.5320431683947,22.315320431683947,0.23153204316839468,92.8693848709511,0
7,143,468.3802198036086,318.25951183001615,23.182595118300164,0.31825951183001616,90.0198789236601,1
7,144,224.32849705213576,131.5056866154577,21.315056866154578,0.1315056866154577,95.29233617546272,0
7,145,213.5275755918647,132.9273658920886,21.329273658920886,0.1329273658920886,74.10874761615331,0
7,146,273.15437398711373,158.1940124559759,21.581940124559758,0.1581940124559759,89.52966754172937,0
7,147,206.43406595405537,140.94367410103493,21.40943674101035,0.14094367410103492,78.1923847430509,0
7,148,205.70228268544335,138.0067715086219,21.38006771508622,0.13800677150862192,71.98250999463102,0
7,149,265.7084816400728,208.1130030008821,22.081130030008822,0.2081130030008821,86.16273535775773,0
7,150,247.51484311696137,137.89046282433495,21.37890462824335,0.13789046282433495,96.70749218598068,0
7,151,237.96364667787884,144.76971359000927,21.447697135900093,0.14476971359000929,76.83226684649291,0
7,152,316.56554877039235,186.29181974483748,21.862918197448376,0.1862918197448375,83.65645056852996,0
7,153,324.8508430495391,216.9495261541186,22.169495261541186,0.21694952615411858,78.7405627945321,0
7,154,345.59395964857674,233.84325165438253,22.338432516543826,0.23384325165438252,78.85698007099109,0
7,155,343.75091273036446,191.8984066548434,21.918984066548433,0.1918984066548434,92.60140213745662,0
7,156,231.4516242724324,156.23292239181094,21.56232922391811,0.15623292239181094,92.63025823812748,0
7,157,247.57710123685672,144.89226980049253,21.448922698004925,0.14489226980049252,97.40205515934383,0
7,158,222.32844539782883,167.49204725935962,21.674920472593595,0.16749204725935962,88.7577139548934,0
7,159,229.70702347472405,157.5439462399675,21.575439462399675,0.1575439462399675,73.6887790718049,0
7,160,252.946173183272,181.20314434395553,21.812031443439555,0.18120314434395554,83.39987930249954,0
7,161,264.5410637640476,155.18073210732365,21.551807321073237,0.15518073210732364,96.02413630349879,0
7,162,247.4983677338021,131.97177688035114,21.31971776880351,0.13197177688035114,91.91631540339048,0
7,163,391.04088685116426,236.03670307221952,22.360367030722195,0.23603670307221952,75.92867123112094,0
7,164,465.93218106813305,279.44314646037014,22.7944314646037,0.27944314646037016,79.9748801932018,0
7,165,482.3091036727752,346.5203854320737,23.465203854320738,0.3465203854320737,74.19018269375779,1
7,166,424.1105341811508,264.5879753332636,22.645879753332636,0.2645879753332636,94.7096890413654,0
7,167,409.48725943898864,282.9779937385961,22.82977993738596,0.2829779937385961,78.00257185658278,0
8,0,253.82752747858686,166.16588736886587,21.66165887368866,0.16616588736886587,85.42698322721948,0
8,1,295.9702127566983,192.5145851321498,21.9251458513215,0.19251458513214978,83.35614918671827,0
8,2,311.6020578865207,210.82624740743665,22.108262474074365,0.21082624740743666,81.80720462607052,0
8,3,320.40329566268014,217.8304732952597,22.178304732952597,0.2178304732952597,91.26263455183523,0
8,4,283.28676161724303,152.3534640499824,21.523534640499825,0.1523534640499824,78.60660647928744,0
8,5,252.21871905909074,183.18211245201414,21.83182112452014,0.18318211245201413,86.14604579444483,0
8,6,318.53044304915903,164.03693081680666,21.640369308168065,0.16403693081680665,77.6909521574303,0
8,7,315.4742798067042,213.07116736450104,22.13071167364501,0.21307116736450105,86.09728974536581,0
8,8,404.0355354660434,286.3068267034152,22.86306826703415,0.2863068267034152,86.67427928901726,0
8,9,378.31804108966685,258.1033238337749,22.58103323833775,0.2581033238337749,83.27128542524102,0
8,10,372.57411976739894,234.33322228944434,22.343332222894443,0.23433322228944434,85.10139784380469,0
8,11,415.25046378189944,285.2777908260849,22.852777908260848,0.2852777908260849,95.25584125119978,0
8,12,304.3117049691038,170.97387800668002,21.7097387800668,0.17097387800668,79.29762032402364,0
8,13,249.0487768503093,166.69005415649266,21.666900541564928,0.16669005415649266,92.28667291726099,0
8,14,314.9378977718843,215.48992137687912,22.154899213768793,0.2154899213768791,92.26561581154816,0
8,15,259.17324491090505,173.2235775401323,21.732235775401325,0.17322357754013232,94.66178805226527,0
8,16,322.06291799846935,181.29361225137077,21.812936122513708,0.18129361225137078,98.49359373166304,0
8,17,318.1624808397375,234.74197896067932,22.347419789606793,0.23474197896067933,93.63204697196663,0
8,18,244.8500900273044,169.4437848596844,21.694437848596845,0.1694437848596844,92.2873017823171,0
8,19,543.5705550346349,299.00785493963645,22.990078549396365,0.29900785493963644,92.74801466350375,0
8,20,578.9367545062667,329.29756813163044,23.292975681316303,0.32929756813163047,79.71023554799345,1
8,21,539.006365936201,303.8434551931787,23.038434551931786,0.30384345519317874,79.01258680299156,1
8,22,521.4978960162283,343.7363435260018,23.437363435260018,0.3437363435260018,90.27292255609153,1
8,23,456.01047572938626,255.1588398395844,22.551588398395843,0.25515883983958443,85.5799385049224,0
8,24,249.22695207308803,165.92939791590766,21.659293979159077,0.16592939791590766,85.84882206953549,0
8,25,279.30208061432546,189.82896004742645,21.898289600474264,0.18982896004742644,75.38767286840586,0
8,26,264.26431318430684,135.57608016953182,21.355760801695318,0.13557608016953182,75.34275360728537,0
8,27,330.2310779735881,217.63121183735706,22.17631211837357,0.21763121183735706,88.97390086595964,0
8,28,246.25946965861334,180.882357055322,21.80882357055322,0.180882357055322,87.99118865257243,0
8,29,254.34796581104214,130.04801276137593,21.30048012761376,0.13004801276137593,73.72806826499449,0
8,30,297.0080289537415,154.08335006852397,21.54083350068524,0.15408335006852397,92.8969379799575,0
8,31,329.04068583904063,171.60485471991393,21.71604854719914,0.17160485471991394,88.66357503351031,0
8,32,368.56369495334724,240.17031043943297,22.40170310439433,0.24017031043943296,79.15729277014007,0
8,33,409.22730648514516,305.55519269578355,23.055551926957836,0.3055551926957836,72.16392241124977,1
8,34,388.64348522795495,239.25128515222028,22.392512851522202,0.23925128515222027,99.80820802606111,0
8,35,395.7368016221871,231.31902397279828,22.313190239727984,0.23131902397279827,90.33268599044719,0
8,36,246.27425745615196,151.07519008421454,21.510751900842145,0.15107519008421455,80.7331398319287,0
8,37,254.55022021988032,164.8315148936666,21.648315148936668,0.1648315148936666,77.54543388955915,0
8,38,286.19667133168025,157.96880686749773,21.579688068674976,0.15796880686749773,74.44253099387916,0
8,39,293.9561744388707,158.69062194564606,21.58690621945646,0.15869062194564607,92.53833930351757,0
8,40,309.79266679387587,181.02983220478566,21.810298322047856,0.18102983220478566,97.72925762801209,0
8,41,252.3755060838244,196.23675704514378,21.962367570451438,0.1962367570451438,76.80698380844368,0
8,42,268.8371540120846,139.12267430279047,21.391226743027904,0.13912267430279046,98.76728956727003,0
8,43,589.0491461901614,322.989684818917,23.22989684818917,0.322989684818917,80.97875834727874,1
8,44,543.7929734508248,370.17009000395404,23.70170090003954,0.37017009000395407,73.90634197118499,1
8,45,471.86481946343326,251.55277359873043,22.515527735987305,0.2515527735987304,73.67802224609589,0
8,46,598.0007237276507,399.9571618051636,23.999571618051636,0.3999571618051636,85.66412045301985,1
8,47,518.5089291917245,340.29503007817567,23.402950300781757,0.3402950300781757,86.60725137035453,1
8,48,261.57248963619116,186.1423633008636,21.861423633008634,0.1861423633008636,73.04141378189038,0
8,49,314.90861985355116,225.2703655076546,22.252703655076544,0.22527036550765459,87.04757008223365,0
8,50,304.8047376923664,223.01606169012982,22.230160616901298,0.22301606169012983,93.75051685114968,0
8,51,306.38454880499347,226.71603940844196,22.26716039408442,0.22671603940844196,85.71624330684472,0
8,52,249.95007624792308,165.10942720447073,21.65109427204471,0.16510942720447072,90.01980107569635,0
8,53,305.2899004833025,186.49799755344833,21.86497997553448,0.18649799755344834,72.97116626927532,0
8,54,299.87033720368925,184.238823321346,21.84238823321346,0.184238823321346,70.01940732032378,0
8,55,290.5814232680553,165.57856823752564,21.655785682375257,0.16557856823752565,82.80184137787609,0
8,56,421.1920037826666,236.43460386964256,22.364346038696425,0.23643460386964255,72.58204960764061,0
8,57,386.70183118887445,211.5222233020404,22.115222233020404,0.2115222233020404,75.85882210274148,0
8,58,379.9558311827973,211.06002699314985,22.1106002699315,0.21106002699314985,82.39870598693047,0
8,59,391.67008195384136,310.0171622798683,23.100171622798683,0.31001716227986825,80.32299061710198,1
8,60,333.82720986666556,263.71961885123045,22.637196188512306,0.26371961885123046,98.2336651251104,0
8,61,320.6837394516463,161.48241864749951,21.614824186474994,0.16148241864749951,91.13295683369262,0
8,62,302.2581152114536,223.3375128859401,22.2333751288594,0.2233375128859401,70.99388200009665,0
8,63,246.1281991078267,175.20040345139049,21.752004034513906,0.17520040345139049,98.4282009235615,0
8,64,270.23436317505957,155.30361032222277,21.553036103222226,0.15530361032222276,93.25319057141351,0
8,65,278.2126407281307,147.04010598284853,21.470401059828486,0.14704010598284853,74.66646210222491,0
8,66,245.83771758886974,138.0462364479661,21.380462364479662,0.1380462364479661,82.46232387816886,0
8,67,585.8779852115588,413.7059009815472,24.137059009815474,0.4137059009815472,76.87662818301185,1
8,68,498.40223860071006,386.2631758558842,23.86263175855884,0.3862631758558842,89.0866072514371,1
8,69,516.1625726503202,333.60383130589224,23.33603831305892,0.3336038313058922,95.53212241200458,1
8,70,547.0220596435672,433.47091760842244,24.334709176084225,0.43347091760842243,98.77547913514117,1
8,71,540.2166523175409,412.2962185839518,24.12296218583952,0.4122962185839518,93.33444742840592,1
8,72,243.7484484816128,147.07971480704725,21.470797148070474,0.14707971480704726,78.52544128297937,0
8,73,317.35653634891776,245.61007689494744,22.456100768949476,0.24561007689494743,78.20533527620911,0
8,74,282.2443149328405,172.44970282684204,21.72449702826842,0.17244970282684205,86.4732492861598,0
8,75,248.9575775781996,150.25807320046573,21.502580732004656,0.15025807320046572,95.29905606178943,0
8,76,332.3446313153339,172.9761263114987,21.729761263114987,0.1729761263114987,79.11861524695509,0
8,77,326.4555059841608,165.3335567941994,21.653335567941994,0.16533355679419942,97.07078505725987,0
8,78,329.9278869044812,170.78393137474183,21.707839313747417,0.17078393137474182,83.93027125499172,0
8,79,281.5642616923472,169.58058647437323,21.695805864743733,0.16958058647437324,74.21876261103017,0
8,80,416.71683283735695,226.5607817546362,22.26560781754636,0.2265607817546362,81.12161187715442,0
8,81,371.6545349162261,276.8042863458002,22.768042863458003,0.27680428634580023,86.41030642938273,0
8,82,382.23961548166307,246.41022522288787,22.46410225222888,0.24641022522288789,83.02261592434574,0
8,83,416.10946688123727,290.6860867736828,22.906860867736828,0.2906860867736828,81.1695497808389,0
8,84,326.6654803547899,220.36328074714885,22.20363280747149,0.22036328074714884,99.02627979244743,0
8,85,252.53981161955937,175.20060000888142,21.752006000088816,0.17520060000888144,90.4927533096382,0
8,86,300.75842641721573,160.52915149828135,21.605291514982813,0.16052915149828134,92.98046757940061,0
8,87,320.27874395566516,198.73349285235693,21.98733492852357,0.19873349285235692,98.49470042058655,0
8,88,253.98791261711472,172.45308468713,21.7245308468713,0.17245308468713,95.89670375365122,0
8,89,249.41296622716757,181.08527100144804,21.81085271001448,0.18108527100144803,86.82932031234755,0
8,90,309.18957931289094,209.40894436104168,22.094089443610418,0.20940894436104168,86.52713125922105,0
8,91,483.55818982066796,290.00625491377184,22.90006254913772,0.29000625491377185,92.65873171806996,0
8,92,580.5668416745436,443.42172671630993,24.4342172671631,0.4434217267163099,71.8253052198423,1
8,93,504.7696844379115,345.47722039594856,23.454772203959486,0.3454772203959486,85.12018120387827,1
8,94,590.9924240082956,353.3626857469979,23.53362685746998,0.3533626857469979,95.62642678012489,1
8,95,533.4458892729718,286.1309030052009,22.86130903005201,0.2861309030052009,75.37379729055412,0
8,96,266.90247852110696,186.76181998685593,21.86761819986856,0.18676181998685593,75.05765040082316,0
8,97,243.90540628721325,179.49947454311734,21.794994745431172,0.17949947454311735,96.75196420624981,0
8,98,272.06651732453145,154.03063911512558,21.540306391151255,0.15403063911512557,90.13916120414896,0
8,99,319.3002372760302,163.49787966827236,21.634978796682724,0.16349787966827237,90.57640094139718,0
8,100,312.548787722147,243.4576678091217,22.43457667809122,0.24345766780912168,83.38606384876003,0
8,101,300.54410911992505,208.33369429525732,22.083336942952574,0.2083336942952573,84.17793508636707,0
8,102,291.3624810476355,166.64814800609173,21.666481480060916,0.16664814800609173,88.55836507700701,0
8,103,316.11989169091044,204.91215771912115,22.04912157719121,0.20491215771912116,89.82566913102758,0
8,104,383.19642851013947,193.9360324179169,21.93936032417917,0.1939360324179169,90.50711410948735,0
8,105,369.98788045283464,251.09059749043587,22.510905974904357,0.2510905974904359,81.39222991522968,0
8,106,367.8705939143685,235.948914942896,22.35948914942896,0.23594891494289602,91.51896790747638,0
8,107,380.0516358058084,275.7026148621195,22.757026148621193,0.2757026148621195,81.13391783639334,0
8,108,306.2331360089832,188.62688434392504,21.88626884343925,0.18862688434392505,78.73657942390184,0
8,109,266.8644442867098,211.22798529684405,22.11227985296844,0.21122798529684406,99.70313182104898,0
8,110,319.73956140019743,222.32030673807637,22.223203067380766,0.22232030673807637,97.00233970525906,0
8,111,308.67794890757625,205.75563672116468,22.057556367211646,0.20575563672116468,86.70356461904231,0
8,112,292.95249921032223,202.97575849484798,22.02975758494848,0.20297575849484797,71.13235501178728,0
8,113,261.82440877669916,158.1236996323911,21.58123699632391,0.1581236996323911,92.70853090497864,0
8,114,279.90360820075176,220.11829575852653,22.201182957585267,0.22011829575852654,92.8214048734537,0
8,115,550.5754812212958,389.0442198698112,23.89044219869811,0.3890442198698112,97.71377366472018,1
8,116,526.6999113802991,321.2265503776531,23.212265503776532,0.3212265503776531,86.58203526369748,1
8,117,561.9294790141971,355.0209860304401,23.5502098603044,0.3550209860304401,89.12394540397673,1
8,118,472.07244592605457,375.0247023572037,23.750247023572037,0.3750247023572037,77.65481743603686,1
8,119,462.45837854229853,264.55282701909186,22.64552827019092,0.2645528270190919,79.7653421311757,0
8,120,303.32528977662935,188.58272065309723,21.885827206530973,0.18858272065309722,87.79086736927691,0
8,121,261.25256908465394,201.74613850783015,22.017461385078303,0.20174613850783016,91.89668900409568,0
8,122,301.27128849354705,156.897426949758,21.56897426949758,0.156897426949758,81.11443046794716,0
8,123,247.64468865142175,161.95819234724155,21.619581923472417,0.16195819234724154,87.25157267224901,0
8,124,271.477338402186,173.44105660645803,21.73441056606458,0.17344105660645803,76.6933900061315,0
8,125,295.506607096315,218.6184336144439,22.18618433614444,0.21861843361444389,74.5038950789022,0
8,126,252.10339063145415,170.94659717876925,21.709465971787694,0.17094659717876926,93.10777796956782,0
8,127,252.79910272355107,143.24462755720268,21.432446275572026,0.1432446275572027,72.23638099211094,0
8,128,391.9686310396602,286.078480689996,22.86078480689996,0.28607848068999603,81.33101052768524,0
8,129,366.6540619356643,209.48158113485846,22.094815811348585,0.20948158113485846,88.67930906561858,0
8,130,408.6805006240651,275.3533304992991,22.75353330499299,0.2753533304992991,84.7962219877213,0
8,131,408.4752812581125,248.4544276706985,22.484544276706984,0.2484544276706985,70.02276465635845,0
8,132,288.55841368886087,168.15132889112996,21.6815132889113,0.16815132889112996,71.73494156971951,0
8,133,327.4450734288797,167.52933882753766,21.675293388275378,0.16752933882753765,81.6171329591478,0
8,134,281.13815433876414,144.13623761739515,21.441362376173952,0.14413623761739516,96.46020915163821,0
8,135,283.2231636189233,162.81737878365192,21.62817378783652,0.1628173787836519,79.40471967792377,0
8,136,308.6323230104303,182.704234699213,21.82704234699213,0.18270423469921301,78.32935904460844,0
8,137,304.11881003598455,176.06899808073436,21.760689980807342,0.17606899808073437,84.63615367653054,0
8,138,246.30338563960458,185.33576747856208,21.85335767478562,0.18533576747856206,79.82444589615528,0
8,139,476.95634354912613,322.7579025633032,23.227579025633034,0.3227579025633032,97.44389780099189,1
8,140,572.8836962252279,370.72926907258443,23.707292690725843,0.3707292690725844,98.20409852797181,1
8,141,553.4074910036843,312.5498613538912,23.125498613538912,0.3125498613538912,91.6076931873433,1
8,142,486.69535178647845,273.8616793667411,22.73861679366741,0.2738616793667411,97.91216746540846,0
8,143,528.8332306257521,339.7205540577578,23.397205540577577,0.3397205540577578,73.38363433608366,1
8,144,291.27741652762876,191.74656434247197,21.91746564342472,0.19174656434247198,88.23859731853604,0
8,145,245.4340791343213,136.78101860140893,21.36781018601409,0.13678101860140893,97.13783108589752,0
8,146,298.3793068591991,215.047059287496,22.15047059287496,0.215047059287496,71.61542400429211,0
8,147,289.1980849955904,220.63854007265113,22.20638540072651,0.22063854007265113,70.94417935607973,0
8,148,281.7170666442047,167.20736088460305,21.67207360884603,0.16720736088460306,89.67774489577288,0
8,149,268.65248391312196,150.80684131045845,21.508068413104585,0.15080684131045846,95.45288367690802,0
8,150,266.19375080526254,183.275159136912,21.83275159136912,0.183275159136912,90.15497099189413,0
8,151,257.4761716096976,163.02617501024136,21.630261750102413,0.16302617501024136,79.63145203403467,0
8,152,382.1419128719457,253.80874498038736,22.538087449803875,0.25380874498038736,96.24921289770633,0
8,153,380.49432161334164,297.4732796011919,22.97473279601192,0.2974732796011919,92.256025004809,0
8,154,381.5517545653297,218.06468325224742,22.180646832522473,0.21806468325224743,95.46601208931011,0
8,155,409.060751704601,248.8583233560909,22.48858323356091,0.2488583233560909,76.58806269400517,0
8,156,244.99012258496927,164.28473462157737,21.642847346215774,0.16428473462157736,89.18916210482244,0
8,157,304.16114659104676,209.03530713288188,22.09035307132882,0.20903530713288188,90.90108430838667,0
8,158,298.2317468806866,166.5918836147439,21.66591883614744,0.1665918836147439,97.36890206222574,0
8,159,256.20765054070284,162.33584417275716,21.62335844172757,0.16233584417275718,98.75445554562661,0
8,160,268.2267314738145,180.0331150722965,21.800331150722965,0.18003311507229652,93.48282455187109,0
8,161,249.82991954522362,186.88970703766128,21.86889707037661,0.18688970703766128,77.83605304115308,0
8,162,312.1021321097993,160.5039861670351,21.605039861670353,0.1605039861670351,82.05968202485136,0
8,163,543.9648829392423,341.0819157299525,23.410819157299525,0.3410819157299525,78.20219523585658,1
8,164,477.6072728531904,257.47387617833476,22.574738761783347,0.2574738761783348,77.28708992956801,0
8,165,586.4574277652716,420.58767078792346,24.205876707879234,0.4205876707879235,86.47002890178817,1
8,166,585.7507355585465,313.23264376420127,23.132326437642014,0.3132326437642013,91.03640957456523,1
8,167,503.48520243857666,286.32514746319436,22.863251474631944,0.2863251474631944,97.52873204063415,0
9,0,451.16020719744563,253.15163084235294,22.53151630842353,0.2531516308423529,72.92519281913191,0
9,1,472.1834981810506,285.22274039332655,22.852227403933266,0.28522274039332657,85.4694527713526,0
9,2,482.0822546109201,243.5413283710365,22.435413283710364,0.2435413283710365,74.47306557702314,0
9,3,354.9424199664182,260.60468972376685,22.60604689723767,0.2606046897237669,84.0253148790763,0
9,4,454.6022667430272,278.50783962649916,22.785078396264993,0.27850783962649917,75.10712298923218,0
9,5,382.5970422082793,191.9192553403297,21.919192553403295,0.1919192553403297,82.61948045326055,0
9,6,436.7864884196049,245.72777170855088,22.45727771708551,0.24572777170855087,92.8685037484598,0
9,7,416.96939073142613,310.3001429209011,23.103001429209012,0.31030014292090113,88.90146288076478,1
9,8,551.1177445891533,384.68573077816245,23.846857307781626,0.3846857307781624,84.84656150265864,1
9,9,590.0806246855904,311.39310764893224,23.113931076489322,0.31139310764893224,97.45107096301278,1
9,10,607.8088541606202,457.7772418876855,24.577772418876854,0.4577772418876855,90.66147917808313,1
9,11,553.328930641987,312.2702300451875,23.122702300451873,0.3122702300451875,84.05691380354347,1
9,12,396.219700834948,316.49884544725575,23.164988454472557,0.31649884544725576,81.16106712669259,1
9,13,393.72024369699074,266.7380277166695,22.667380277166693,0.2667380277166695,83.6584736991184,0
9,14,444.0318669725192,289.7570791015745,22.897570791015745,0.2897570791015745,95.3429555075943,0
9,15,421.6752876099676,310.16702840115954,23.101670284011597,0.31016702840115956,76.68899007423815,1
9,16,365.843139495005,207.76487215223304,22.07764872152233,0.20776487215223305,97.40125696269074,0
9,17,449.99054075692743,243.6033460794656,22.436033460794654,0.2436033460794656,89.70097240748386,0
9,18,386.01281810258035,300.76849298465004,23.0076849298465,0.30076849298465,74.3350650423297,1
9,19,708.1462508547451,392.32812030052213,23.92328120300522,0.3923281203005221,78.97160421375068,1
9,20,798.6744646974843,465.4562885541065,24.654562885541065,0.4654562885541065,70.47687879424954,1
9,21,667.9775471737531,513.7695297691697,25.137695297691696,0.5137695297691697,88.89083029562943,1
9,22,806.3882373680991,535.4219697620904,25.354219697620906,0.5354219697620903,93.83797805647333,1
9,23,787.0960753016728,570.8696927361914,25.708696927361913,0.5708696927361914,80.74899730641329,1
9,24,371.7443454697293,247.02696464192312,22.470269646419233,0.2470269646419231,80.50809326865385,0
9,25,439.41619040378527,251.17471534400974,22.511747153440098,0.25117471534400976,82.91350826529816,0
9,26,359.2319431134378,185.85252835709238,21.858525283570923,0.18585252835709237,86.57057404046196,0
9,27,408.4291298630536,211.78431515055706,22.11784315150557,0.21178431515055707,92.60462716345374,0
9,28,356.5086513491301,189.77045303072595,21.89770453030726,0.18977045303072596,96.24971036194746,0
9,29,389.3731883082242,286.2480990305954,22.862480990305954,0.28624809903059545,81.21443499785725,0
9,30,365.7118926620038,268.0827653549598,22.6808276535496,0.2680827653549598,99.95529472461543,0
9,31,400.0149199729721,294.66652174462627,22.946665217446263,0.29466652174462626,96.95890314321457,0
9,32,564.8201346928297,441.8915748288094,24.418915748288093,0.44189157482880936,98.29520634366642,1
9,33,599.6412532652392,317.9176486948393,23.179176486948393,0.3179176486948393,84.74433379614455,1
9,34,564.0237275672838,287.54685570279884,22.87546855702799,0.2875468557027988,81.42308498383315,0
9,35,567.9325281374211,340.54476720030993,23.4054476720031,0.34054476720030996,92.05985335291038,1
9,36,456.20145801847104,314.2561974574398,23.1425619745744,0.31425619745743977,70.29123472431387,1
9,37,422.34218060614006,278.68470134528616,22.786847013452864,0.27868470134528617,73.63297027449897,0
9,38,472.82039355495266,244.72335015581103,22.44723350155811,0.24472335015581104,76.74936325253024,0
9,39,440.15654405881656,236.01376410962314,22.36013764109623,0.23601376410962313,74.22698263447244,0
9,40,414.03054224816134,268.6110238147522,22.68611023814752,0.26861102381475216,86.9334458334362,0
9,41,445.63089821188424,337.79641135187916,23.377964113518793,0.33779641135187916,97.50624199609588,1
9,42,428.43472495962374,225.6833206849395,22.256833206849393,0.22568332068493951,72.88218661005723,0
9,43,797.6583408390215,625.0600439629839,26.25060043962984,0.6250600439629839,94.27803972661376,1
9,44,790.7612718800942,515.3041065857584,25.153041065857586,0.5153041065857584,86.63240023906974,1
9,45,718.3050850453524,499.30578649535636,24.993057864953563,0.49930578649535634,82.02737286740187,1
9,46,805.5648339657,500.04227718093296,25.00042277180933,0.500042277180933,72.23459411707246,1
9,47,732.5185291088789,539.6428389715302,25.396428389715304,0.5396428389715302,96.07135358209787,1
9,48,419.9522234647671,317.0168689140146,23.170168689140148,0.3170168689140146,90.86999964406697,1
9,49,400.0812400573363,248.79404404337004,22.4879404404337,0.24879404404337005,70.4902303385511,0
9,50,464.020200389353,251.18286048633152,22.511828604863314,0.25118286048633154,95.74503623933376,0
9,51,420.9410562717393,309.49568671609757,23.094956867160974,0.30949568671609756,88.6175417367963,1
9,52,416.73386817508623,309.2787391175772,23.092787391175772,0.3092787391175772,99.56717474569346,1
9,53,430.5323436311478,332.0685658178211,23.32068565817821,0.33206856581782107,73.56379569051461,1
9,54,458.9692328363117,289.24447468791055,22.892444746879107,0.28924447468791054,73.3596406731093,0
9,55,396.9275397746941,296.3060308175458,22.963060308175457,0.29630603081754575,98.48877524764,0
9,56,558.7095588820343,420.33859154523236,24.203385915452323,0.42033859154523234,97.22004315787204,1
9,57,594.9522877283295,416.0676335474857,24.160676335474857,0.41606763354748566,77.37284489033647,1
9,58,575.9760146462011,452.19517276841026,24.521951727684105,0.45219517276841026,71.7030870707448,1
9,59,594.5738949617543,351.3732746428957,23.513732746428957,0.3513732746428957,87.93679839561094,1
9,60,397.57764104929123,217.0890340396628,22.170890340396628,0.21708903403966281,87.53103236350292,0
9,61,465.6225424597158,258.3750485979057,22.583750485979056,0.25837504859790567,74.40067760084904,0
9,62,380.9180344928479,237.88841663669805,22.37888416636698,0.23788841663669805,81.75507222427862,0
9,63,481.9810547564722,242.3310933118244,22.423310933118245,0.2423310933118244,83.72969563634138,0
9,64,474.04594913688237,286.5949567097986,22.865949567097985,0.2865949567097986,70.2145762204074,0
9,65,431.55427264145055,338.2787400454522,23.38278740045452,0.3382787400454522,71.21238868440338,1
9,66,464.58726080071807,245.98873697065167,22.459887369706518,0.24598873697065168,74.68676012327099,0
9,67,824.9178622416323,468.5835415485812,24.685835415485812,0.4685835415485812,88.80990843007352,1
9,68,842.9432956899219,472.37814354346904,24.72378143543469,0.472378143543469,97.10812535087193,1
9,69,816.0164965246825,463.990208727026,24.63990208727026,0.463990208727026,74.82177500017512,1
9,70,755.4871633217157,491.4243936834639,24.914243936834637,0.4914243936834639,76.48804258857189,1
9,71,866.5228749907039,590.0280996481032,25.900280996481033,0.5900280996481032,91.47911884129181,1
9,72,370.7660280761073,233.9073432201509,22.33907343220151,0.2339073432201509,84.77577761310687,0
9,73,388.60903953104395,217.357140953405,22.17357140953405,0.217357140953405,95.96372304044068,0
9,74,474.1041192024997,367.4632390383539,23.67463239038354,0.3674632390383539,87.89568330146261,1
9,75,431.1096367925346,312.44737323193635,23.124473732319363,0.31244737323193633,97.8189694349264,1
9,76,457.73215043374415,330.231963371335,23.30231963371335,0.330231963371335,71.21344414348958,1
9,77,408.330806032344,264.32141203088406,22.64321412030884,0.26432141203088405,93.87681459991414,0
9,78,415.3064224598371,291.79907074202566,22.917990707420255,0.29179907074202566,85.76999007113677,0
9,79,386.2264678922572,242.63581847729728,22.426358184772972,0.2426358184772973,74.65986941580009,0
9,80,570.351536402016,392.38427783605607,23.92384277836056,0.39238427783605606,84.23972007930186,1
9,81,583.8796477241268,373.34411621055375,23.73344116210554,0.37334411621055374,95.99250589049844,1
9,82,612.5902558032994,324.61672491194963,23.246167249119495,0.32461672491194965,79.15525952326252,1
9,83,590.7758651057839,430.5550870664668,24.305550870664668,0.4305550870664668,96.02793644381215,1
9,84,413.8919598331747,210.6260533624605,22.106260533624607,0.2106260533624605,79.09020346772665,0
9,85,363.31538973622133,195.59721868515865,21.955972186851586,0.19559721868515864,76.39709819358174,0
9,86,390.55980500630704,221.45991409958384,22.214599140995837,0.22145991409958385,98.62999894336043,0
9,87,448.1982525048452,352.01989322319235,23.520198932231924,0.3520198932231924,97.15234879338088,1
9,88,419.00349183603123,312.0376313771213,23.120376313771214,0.31203763137712126,75.85023724287767,1
9,89,371.27396636630095,210.45495973994664,22.104549597399465,0.21045495973994666,77.11034876965513,0
9,90,437.0122775793812,250.50628803665302,22.50506288036653,0.25050628803665304,80.12231495413755,0
9,91,803.4324975547903,563.1566911861303,25.631566911861302,0.5631566911861303,71.37475078469515,1
9,92,752.7853487692862,544.6612839639206,25.446612839639208,0.5446612839639206,97.0586371203077,1
9,93,857.797120928134,448.66161640113245,24.486616164011323,0.44866161640113245,90.88101049952824,1
9,94,812.8820778678306,433.6642646248344,24.336642646248343,0.43366426462483443,89.95538842562488,1
9,95,876.1329839184586,630.8414116783626,26.308414116783627,0.6308414116783626,76.2779995391616,1
9,96,362.60663210943375,266.75341528981664,22.667534152898167,0.26675341528981666,72.32959635585883,0
9,97,468.8131835156983,355.40392086712217,23.55403920867122,0.3554039208671222,82.94295588975007,1
9,98,383.33538414005335,246.42007461474145,22.464200746147416,0.24642007461474144,83.78335932472943,0
9,99,368.45135544448624,205.48399384997637,22.054839938499764,0.20548399384997637,93.65495035933552,0
9,100,452.23295805496883,341.6711659123168,23.416711659123166,0.3416711659123168,90.5508231351963,1
9,101,398.9167081304326,316.7013025591471,23.167013025591473,0.31670130255914714,75.9630900111572,1
9,102,455.1968997187666,343.3695404681099,23.4336954046811,0.3433695404681099,88.50559441560199,1
9,103,398.76207562373514,209.5809352521375,22.095809352521375,0.2095809352521375,88.1463773187052,0
9,104,592.1817566447329,307.1578970642072,23.071578970642072,0.3071578970642072,97.6183982739658,1
9,105,544.0503657341822,377.8754428210558,23.778754428210558,0.3778754428210558,95.47218196433893,1
9,106,590.1978974793126,447.63118049255206,24.476311804925523,0.44763118049255207,98.44650299177755,1
9,107,551.8671794545252,293.8100899901857,22.93810089990186,0.2938100899901857,97.25288599492946,0
9,108,459.99236972696286,287.2932578168635,22.872932578168637,0.2872932578168635,89.62044621652741,0
9,109,408.9402641796878,236.93978068864084,22.369397806886408,0.23693978068864083,94.33869296317894,0
9,110,417.75375103597753,210.61576031700366,22.106157603170036,0.21061576031700366,86.81869582598118,0
9,111,415.49038519880986,325.77377719641373,23.257737771964138,0.3257737771964137,75.01462726011889,1
9,112,371.2657589213359,244.2773099544372,22.44277309954437,0.2442773099544372,93.46084720480346,0
9,113,436.99902914346137,278.19816946553067,22.781981694655308,0.27819816946553066,80.23940446099952,0
9,114,453.43285219872445,330.24277519679487,23.302427751967947,0.33024277519679485,97.49663675999126,1
9,115,877.7586832032855,627.2113690606958,26.272113690606957,0.6272113690606959,71.93912151353291,1
9,116,809.2692340880606,566.4936261351198,25.664936261351198,0.5664936261351198,72.17544242188809,1
9,117,691.40555167825,440.656189139664,24.406561891396642,0.440656189139664,75.07713196818978,1
9,118,765.726490767496,557.5307718398553,25.575307718398555,0.5575307718398553,99.86504569700875,1
9,119,803.568701335982,627.0621560414078,26.270621560414078,0.6270621560414078,90.31907447963047,1
9,120,354.8143164682641,266.7440781982826,22.667440781982826,0.26674407819828255,98.58453431764376,0
9,121,435.65935082336716,235.11992194146157,22.351199219414617,0.23511992194146156,84.36944731580344,0
9,122,402.0237601731454,239.7275751071681,22.397275751071682,0.2397275751071681,71.8541613895552,0
9,123,424.9649971536012,339.34432387296476,23.39344323872965,0.33934432387296476,76.74677486157638,1
9,124,436.5128818424407,300.933161667519,23.00933161667519,0.300933161667519,71.07641066662934,1
9,125,457.0340418438063,261.9048406797382,22.619048406797383,0.2619048406797382,93.63119929262614,0
9,126,369.21446933005404,240.9112225147958,22.409112225147958,0.2409112225147958,84.16046116998204,0
9,127,469.1712560853439,262.12422437305366,22.621242243730535,0.26212422437305366,85.25209147253985,0
9,128,554.0754473485825,437.13526074226337,24.371352607422633,0.4371352607422634,79.24310685667216,1
9,129,571.813483255532,303.94422009092403,23.039442200909242,0.30394422009092403,88.62183533916733,1
9,130,539.7124338043866,413.79412493297775,24.137941249329778,0.41379412493297774,70.33289754079279,1
9,131,588.0570403432547,433.225520378941,24.33225520378941,0.43322552037894096,93.54882490542602,1
9,132,379.2628505191507,278.2868178658915,22.782868178658916,0.27828681786589154,72.86513635544601,0
9,133,455.07266219658675,264.12973677606544,22.641297367760654,0.26412973677606544,99.44116068129367,0
9,134,390.50741139006226,299.38513517924997,22.9938513517925,0.29938513517925,76.85762773546547,0
9,135,394.06996663736436,227.60125380333338,22.276012538033335,0.22760125380333338,72.51344144291262,0
9,136,438.2156167764542,318.83414063479773,23.188341406347977,0.31883414063479776,99.91418280071777,1
9,137,454.0308912122637,357.17570915066096,23.57175709150661,0.357175709150661,81.9254359580148,1
9,138,472.36341120533245,290.59224379083616,22.905922437908362,0.29059224379083615,92.31627135909049,0
9,139,787.6974717895525,544.2940155543707,25.442940155543706,0.5442940155543707,85.59661891164156,1
9,140,790.5754601740518,419.5774018661784,24.195774018661783,0.41957740186617837,96.28079392102953,1
9,141,817.6093123228518,576.7830936770208,25.76783093677021,0.5767830936770209,85.89902895208682,1
9,142,823.6432527654799,562.643892805803,25.62643892805803,0.5626438928058031,72.56998357199971,1
9,143,746.5741493849041,492.0526503161493,24.920526503161494,0.4920526503161493,84.80521019972238,1
9,144,423.6006266963877,284.90890980076176,22.849089098007617,0.2849089098007618,73.84131737227158,0
9,145,450.403218160098,270.11057186137344,22.701105718613736,0.27011057186137344,99.8348661438594,0
9,146,448.86492662147583,232.18097310873384,22.32180973108734,0.23218097310873384,80.66718313291007,0
9,147,384.64123542090624,239.83762909322002,22.398376290932198,0.23983762909322,86.71944427895374,0
9,148,361.8407797429405,210.8562079683672,22.108562079683672,0.21085620796836718,70.98690834844481,0
9,149,424.11538990449134,218.34343988413633,22.183434398841364,0.21834343988413632,92.75841749738348,0
9,150,429.20578871006916,223.93134283640111,22.23931342836401,0.22393134283640112,97.71617791412748,0
9,151,387.6759035091103,211.24527783968114,22.11245277839681,0.21124527783968114,85.08235760947711,0
9,152,563.4277286621696,383.9445932609618,23.839445932609618,0.3839445932609618,80.1597486760036,1
9,153,597.6127935344413,435.6164780086908,24.356164780086907,0.4356164780086908,81.65996405939914,1
9,154,532.3122048944795,387.3073556903379,23.87307355690338,0.38730735569033786,71.89268241187467,1
9,155,562.2897180041973,288.46993671414765,22.884699367141476,0.28846993671414767,70.45726641565945,0
9,156,472.6880512459117,309.7721429084916,23.097721429084917,0.30977214290849164,75.59994928253587,1
9,157,470.7129882659633,278.63182719203775,22.78631827192038,0.2786318271920378,91.40973006632368,0
9,158,423.75878986457235,335.1225062647724,23.351225062647725,0.3351225062647724,88.70368588368912,1
9,159,401.19201428365585,287.42117524698324,22.874211752469833,0.28742117524698324,94.95812023218423,0
9,160,402.6296867115741,234.16512474604974,22.341651247460497,0.23416512474604975,74.82852655521576,0
9,161,397.7766371523772,203.20911887557685,22.032091188755768,0.20320911887557686,76.76462297707404,0
9,162,469.01392953533394,285.3758238547393,22.853758238547393,0.2853758238547393,79.04731340054433,0
9,163,848.1570187490115,497.0700262534432,24.970700262534432,0.4970700262534432,73.23592509322535,1
9,164,786.8478337574377,450.63087422593594,24.50630874225936,0.45063087422593595,94.04557757321221,1
9,165,761.5607024507982,405.1951653514694,24.051951653514696,0.40519516535146943,99.3843706659299,1
9,166,873.0946709468155,489.01366939342824,24.89013669393428,0.4890136693934282,71.8458105851045,1
9,167,776.9280087287199,616.1264956678073,26.161264956678075,0.6161264956678073,93.10919237439835,1
10,0,230.59707666946096,168.0818669819904,21.680818669819903,0.1680818669819904,70.80209658454808,0
10,1,201.72618073615902,150.20143933724708,21.50201439337247,0.15020143933724708,73.92748016105216,0
10,2,233.1178876701638,131.47691733945095,21.31476917339451,0.13147691733945094,85.03014390689877,0
10,3,182.08998610459537,129.8595766466516,21.298595766466516,0.1298595766466516,72.85099918288516,0
10,4,198.23606714895354,147.33503661580352,21.473350366158034,0.14733503661580352,93.01679807508116,0
10,5,190.99669061198574,144.77585645286396,21.44775856452864,0.14477585645286395,98.5423456557078,0
10,6,193.82888452106573,150.1709642668624,21.501709642668622,0.1501709642668624,81.81628647460111,0
10,7,230.73954521543448,168.80214665871117,21.688021466587113,0.16880214665871116,94.60988893126064,0
10,8,263.23325787298046,135.68791600672304,21.35687916006723,0.13568791600672303,78.54362475499467,0
10,9,298.66102475186995,186.99061474137116,21.86990614741371,0.18699061474137116,86.56434716639592,0
10,10,269.2596501249506,198.45206863519985,21.984520686352,0.19845206863519985,93.85919918943058,0
10,11,299.3975290712913,199.63556467576532,21.996355646757653,0.19963556467576532,98.09737323882673,0
10,12,189.1509560245331,110.47479445401956,21.104747944540197,0.11047479445401956,83.92757094626792,0
10,13,205.1504564826826,103.73012654602883,21.03730126546029,0.10373012654602883,79.19952125726923,0
10,14,176.76658709578228,106.90645293487985,21.0690645293488,0.10690645293487985,88.66007902822196,0
10,15,227.86625216616991,174.4010389842561,21.74401038984256,0.1744010389842561,70.0228120047777,0
10,16,198.9646589061336,155.39736782229105,21.55397367822291,0.15539736782229105,74.27104988010933,0
10,17,224.2147872237297,160.9287452067269,21.609287452067267,0.1609287452067269,96.14579268202355,0
10,18,228.50499670118626,169.9909787399765,21.699909787399765,0.1699909787399765,90.39742569044067,0
10,19,342.7601648470011,215.00677346811509,22.15006773468115,0.2150067734681151,86.6467506174199,0
10,20,427.4119846150102,324.8571021779908,23.24857102177991,0.3248571021779908,91.34416217759292,1
10,21,332.26852421752227,251.5122909648031,22.51512290964803,0.2515122909648031,92.75326359072277,0
10,22,389.4619310677447,295.54870758690413,22.95548707586904,0.2955487075869041,91.93071224481616,0
10,23,380.3081929362855,224.82943036822633,22.248294303682265,0.22482943036822634,91.08242483783599,0
10,24,185.41837159506812,135.58482338760635,21.355848233876063,0.13558482338760636,70.28117201435266,0
10,25,188.10848524220674,140.88665973459314,21.40886659734593,0.14088665973459313,73.82984985073162,0
10,26,209.80421412930983,117.19098944319397,21.17190989443194,0.11719098944319398,89.60836627010362,0
10,27,192.36848218991466,132.83820566463461,21.328382056646348,0.1328382056646346,84.82746851980305,0
10,28,216.84814222673282,146.1712891297598,21.461712891297598,0.1461712891297598,93.92184109031683,0
10,29,203.73906264378212,139.27746139291781,21.392774613929177,0.1392774613929178,94.9909415657113,0
10,30,180.53849138681642,137.54518876073902,21.37545188760739,0.137545188760739,81.1948043042396,0
10,31,230.69574515688595,125.49969091626558,21.254996909162656,0.1254996909162656,91.29585069687381,0
10,32,278.9852109314728,143.22016224266457,21.432201622426646,0.14322016224266457,91.99893145103226,0
10,33,273.6408649316133,199.98739750964168,21.999873975096417,0.19998739750964167,94.8087743935318,0
10,34,293.49503725306863,194.77878423100248,21.947787842310024,0.19477878423100248,79.65523822506736,0
10,35,279.5746112206617,161.38163855577707,21.613816385557772,0.16138163855577708,94.82818831551273,0
10,36,192.67505154989286,140.53273903535384,21.405327390353538,0.14053273903535385,88.5516803315261,0
10,37,177.87103952336702,122.4624380724444,21.224624380724443,0.1224624380724444,83.46199527451458,0
10,38,178.1965227812851,129.90366598803442,21.299036659880343,0.1299036659880344,98.14084611570723,0
10,39,210.02178823426217,166.25886843269515,21.662588684326952,0.16625886843269516,98.43976550831579,0
10,40,230.86136135617718,152.53757196988025,21.525375719698804,0.15253757196988024,70.20268868519616,0
10,41,208.96475614421377,114.21104429568564,21.142110442956856,0.11421104429568564,97.65439095618159,0
10,42,215.00999654503727,132.9032380191587,21.329032380191588,0.13290323801915868,78.04003954662988,0
10,43,367.468511739806,203.69344752831682,22.036934475283168,0.20369344752831683,70.75138646638173,0
10,44,416.47739078197753,273.4287682087563,22.73428768208756,0.27342876820875633,95.48725595135275,0
10,45,404.2164229402712,214.4231171624253,22.144231171624252,0.21442311716242532,97.66247979333069,0
10,46,339.0652637298139,259.65576338853714,22.59655763388537,0.25965576338853713,88.85130372821146,0
10,47,382.30842894098254,201.7520657306616,22.017520657306616,0.2017520657306616,71.67059077719823,0
10,48,219.2716149033136,131.77452623534847,21.317745262353483,0.13177452623534847,99.42199752092537,0
10,49,189.0906747567176,123.45010728990351,21.234501072899036,0.12345010728990351,91.80281153716358,0
10,50,193.9538134401468,124.52176273382388,21.24521762733824,0.12452176273382387,70.42596157395583,0
10,51,203.13752771915557,126.11949999440407,21.261194999944042,0.12611949999440406,76.2374785541606,0
10,52,193.90565432129438,120.89182080274101,21.20891820802741,0.12089182080274101,97.82023455726306,0
10,53,195.52139973577715,132.47477727781452,21.324747772778146,0.13247477727781454,90.49221863814067,0
10,54,183.94638079405559,146.53321572997777,21.465332157299777,0.14653321572997777,76.6531002665746,0
10,55,189.8963864029905,130.1180449298757,21.30118044929876,0.13011804492987572,96.35829332617857,0
10,56,264.8607372711665,165.76755654140837,21.657675565414085,0.16576755654140837,86.06576184734854,0
10,57,293.3241238761144,232.25626586311841,22.322562658631185,0.23225626586311843,94.21875389164802,0
10,58,289.62027501527314,158.02181612827033,21.580218161282705,0.15802181612827032,73.28898526966744,0
10,59,299.45255051272744,223.6217126736773,22.236217126736772,0.2236217126736773,71.14226114868887,0
10,60,192.41741006806095,134.57313018254476,21.34573130182545,0.13457313018254477,74.13350939612954,0
10,61,174.5721005029453,89.20290315935746,20.892029031593573,0.08920290315935746,88.18228760299564,0
10,62,176.8960644241587,139.17000806175642,21.391700080617564,0.13917000806175642,98.40729494873115,0
10,63,218.0781113273683,124.65398314162431,21.246539831416243,0.1246539831416243,71.76553538303118,0
10,64,186.2112605488456,145.07419628498496,21.45074196284985,0.14507419628498497,73.22802563426525,0
10,65,203.0536751887083,123.34065372878092,21.23340653728781,0.12334065372878092,85.11422061891588,0
10,66,219.53167958331946,168.72077119563045,21.687207711956304,0.16872077119563045,82.86242947727771,0
10,67,370.62350067150567,207.5892436714684,22.075892436714685,0.20758924367146842,83.01390633939756,0
10,68,348.04082480397767,194.26551174156373,21.942655117415637,0.19426551174156373,74.88423388062759,0
10,69,422.4463415371911,212.1376497495618,22.121376497495618,0.2121376497495618,96.21210883695126,0
10,70,399.03457097669343,310.0252734789806,23.100252734789805,0.31002527347898057,78.64470457125901,1
10,71,324.84188294593355,173.37891086402917,21.73378910864029,0.17337891086402918,99.68633867031929,0
10,72,184.86350723809244,146.50257361009758,21.465025736100976,0.14650257361009758,72.710233664957,0
10,73,189.1114926585644,126.91150666092982,21.2691150666093,0.12691150666092982,92.69563771994834,0
10,74,181.8634416922332,120.69755174206105,21.20697551742061,0.12069755174206105,89.31843894319286,0
10,75,180.1917474752315,135.7068591945479,21.357068591945477,0.1357068591945479,86.78641752874908,0
10,76,196.8174651920132,120.16140918725813,21.20161409187258,0.12016140918725814,73.49664653100928,0
10,77,226.68199342671556,165.56140288587244,21.655614028858725,0.16556140288587243,93.21322743760919,0
10,78,232.96538160458775,160.6997283282099,21.606997283282098,0.1606997283282099,99.35768358044551,0
10,79,228.11092754621563,145.8970554295881,21.45897055429588,0.1458970554295881,84.67411739487873,0
10,80,301.65022179608854,219.87818736902614,22.198781873690262,0.21987818736902615,71.45946178342234,0
10,81,290.02057378043355,170.73574227753164,21.707357422775317,0.17073574227753163,86.30660947651107,0
10,82,265.1297491342285,142.62268200927846,21.426226820092786,0.14262268200927847,92.1839596068547,0
10,83,299.1585494823709,193.2580708435229,21.93258070843523,0.1932580708435229,78.41480251887698,0
10,84,173.76096246104126,89.83509528313198,20.89835095283132,0.08983509528313198,72.03442267077807,0
10,85,182.4132117796313,123.1532849024185,21.231532849024184,0.1231532849024185,74.8704700373336,0
10,86,174.83650732542316,88.70691106585426,20.887069110658544,0.08870691106585425,94.16331747559884,0
10,87,221.94873950517714,165.82180869523847,21.658218086952385,0.16582180869523847,94.58881066891507,0
10,88,180.31791125598403,91.81616444657266,20.918161644465727,0.09181616444657266,89.91732657750934,0
10,89,225.99636069013695,166.83137611229387,21.66831376112294,0.16683137611229387,87.69773196432729,0
10,90,211.5700974917969,116.68076835595173,21.16680768355952,0.11668076835595173,84.78445156277533,0
10,91,398.3895170653995,258.88403827424435,22.588840382742443,0.25888403827424433,72.67396762457216,0
10,92,378.44021346231176,290.6973251208059,22.906973251208058,0.29069732512080587,90.34710672001854,0
10,93,403.260746479978,254.63868159890745,22.546386815989074,0.25463868159890746,70.73182787630391,0
10,94,415.37239179363763,262.6679558180658,22.62667955818066,0.26266795581806585,83.83043336579722,0
10,95,356.49916696287346,189.7525432003353,21.897525432003352,0.1897525432003353,86.94121128676052,0
10,96,214.80181864338962,115.51564491871281,21.15515644918713,0.11551564491871281,93.15132592094994,0
10,97,218.1112951642628,117.61871830162026,21.176187183016204,0.11761871830162027,90.32728319771621,0
10,98,195.56153586132552,126.10851483127875,21.261085148312787,0.12610851483127875,75.61441463593226,0
10,99,218.03788186757203,111.7254402635595,21.117254402635595,0.1117254402635595,86.51798218206223,0
10,100,190.32413387819423,146.34963419212576,21.463496341921257,0.14634963419212577,87.24076562577334,0
10,101,178.78553492380485,127.33056496096464,21.273305649609647,0.12733056496096465,87.51096375328201,0
10,102,179.25013655702514,138.8973812649777,21.388973812649777,0.1388973812649777,90.58573776150631,0
10,103,187.56150867486318,141.104190804528,21.41104190804528,0.141104190804528,81.51023920027671,0
10,104,287.29687578451876,170.38103929701828,21.703810392970183,0.17038103929701828,89.31603776508508,0
10,105,259.5309648760189,139.3734484781727,21.393734484781728,0.13937344847817268,93.87305792056377,0
10,106,288.12170067301173,196.16334947900242,21.961633494790025,0.1961633494790024,96.76690256958499,0
10,107,274.72777632795516,147.89283399257997,21.4789283399258,0.14789283399257996,76.39019089664237,0
10,108,186.37650407775504,102.2567149366929,21.022567149366928,0.1022567149366929,88.46517005828957,0
10,109,175.61471597270298,135.98456580975346,21.359845658097534,0.13598456580975346,76.39342560052837,0
10,110,217.7760540744285,126.07614330178266,21.260761433017827,0.12607614330178266,91.26197720371087,0
10,111,207.92113029115063,110.52791058419973,21.105279105841998,0.11052791058419974,99.93598002696413,0
10,112,228.4164381298196,167.0642669247461,21.67064266924746,0.1670642669247461,81.78834060149487,0
10,113,235.76897079674924,152.2177246744643,21.522177246744643,0.15221772467446432,85.79438931380633,0
10,114,225.96264738428692,124.61955839217323,21.246195583921732,0.12461955839217323,82.08107367064368,0
10,115,371.17003370835465,240.74465765998045,22.407446576599803,0.24074465765998046,96.16348438945779,0
10,116,382.08310112514727,212.2962189100539,22.12296218910054,0.2122962189100539,94.63852268617708,0
10,117,374.4515986087662,232.6200931977628,22.326200931977628,0.2326200931977628,71.07002463805563,0
10,118,399.7514732394512,287.2525348975216,22.872525348975216,0.2872525348975216,97.334994096852,0
10,119,395.73384362373224,204.6202159883157,22.04620215988316,0.2046202159883157,99.7954399022257,0
10,120,187.37107181264207,125.63923168596867,21.256392316859685,0.12563923168596866,72.59611307776979,0
10,121,208.80136007789787,163.16668540021809,21.63166685400218,0.1631666854002181,98.29888480876164,0
10,122,195.75471332416637,102.766149851111,21.027661498511108,0.102766149851111,90.29615762598108,0
10,123,229.27252294907822,168.729132797953,21.68729132797953,0.168729132797953,84.22869377844548,0
10,124,215.41745911756564,156.85088421925133,21.568508842192514,0.15685088421925134,78.04234163207362,0
10,125,236.96645596722425,166.14304359855916,21.66143043598559,0.16614304359855916,89.29207040691696,0
10,126,187.89938598032887,110.13857546232231,21.101385754623223,0.11013857546232231,99.89664492466399,0
10,127,202.66563088152753,156.039277739693,21.56039277739693,0.156039277739693,96.09819167455225,0
10,128,292.4574111040956,208.1464411054366,22.081464411054366,0.2081464411054366,95.02670447521426,0
10,129,269.47683339291564,167.7438907779001,21.677438907779003,0.1677438907779001,77.51920470437882,0
10,130,287.15589402309735,229.252356277819,22.29252356277819,0.22925235627781898,89.55328207431455,0
10,131,275.8536272668246,150.81061916737346,21.508106191673736,0.15081061916737346,88.98260374666867,0
10,132,222.67006034638322,113.72799538049865,21.137279953804985,0.11372799538049866,82.49026540219617,0
10,133,200.37549877295422,116.54073633629045,21.165407363362906,0.11654073633629045,79.54022858119494,0
10,134,210.98184334850163,125.6658926543603,21.256658926543604,0.12566589265436032,98.89063247184917,0
10,135,196.9942687845664,123.76865396793002,21.2376865396793,0.12376865396793002,74.9660683993494,0
10,136,231.8536207468971,181.8358218292857,21.818358218292857,0.1818358218292857,91.68999038675528,0
10,137,228.9757781916491,161.20409286033578,21.612040928603356,0.16120409286033577,84.8851186525217,0
10,138,179.85979545370176,137.1342005334031,21.371342005334032,0.13713420053340308,85.94268418790016,0
10,139,325.90556088508094,193.1595776351417,21.93159577635142,0.1931595776351417,84.51790869527422,0
10,140,396.8179205901647,281.9276308311853,22.819276308311853,0.28192763083118527,91.46852310470905,0
10,141,357.1436978351545,229.86064817689086,22.298606481768907,0.22986064817689086,83.84672732467924,0
10,142,357.81449328611546,179.7439958214698,21.7974399582147,0.1797439958214698,94.54610350345955,0
10,143,407.22882978235134,290.412840478312,22.90412840478312,0.29041284047831195,86.19777298446323,0
10,144,193.4285783911063,131.7902466589725,21.317902466589725,0.13179024665897252,78.92239399993872,0
10,145,180.75647239370434,119.0132055998837,21.190132055998838,0.11901320559988371,77.88866459180787,0
10,146,193.70126339742833,141.13848574731205,21.41138485747312,0.14113848574731205,88.96420944692156,0
10,147,207.00820191381737,125.57044329394895,21.25570443293949,0.12557044329394895,78.39972328482068,0
10,148,236.78617111574783,188.5730195463582,21.885730195463584,0.18857301954635822,90.56935050908024,0
10,149,197.59779944280288,111.17635433814303,21.11176354338143,0.11117635433814303,85.85075732285755,0
10,150,190.45168973919994,126.09965746149686,21.260996574614968,0.12609965746149687,86.49553998632493,0
10,151,176.95282943865433,127.67650042511633,21.276765004251164,0.12767650042511633,75.97475972420973,0
10,152,276.62173352766564,208.06934032801888,22.08069340328019,0.20806934032801888,92.78380695974101,0
10,153,302.1768680754057,204.8559730117638,22.04855973011764,0.2048559730117638,84.49584512586901,0
10,154,286.19517703645295,179.062580580918,21.79062580580918,0.179062580580918,85.46960884432346,0
10,155,293.9504043454438,169.354526410926,21.69354526410926,0.16935452641092602,89.48861496401301,0
10,156,214.7113200159067,108.5463255737572,21.085463255737572,0.10854632557375721,99.80142227532616,0
10,157,230.6031173550853,131.24124626735474,21.312412462673546,0.13124124626735473,72.74215063528368,0
10,158,237.0254436298731,161.5548947165921,21.61554894716592,0.1615548947165921,80.58648248461495,0
10,159,182.34174303754008,116.41397899039701,21.16413978990397,0.11641397899039702,99.98172678885125,0
10,160,210.0432829513612,111.50634267592935,21.115063426759292,0.11150634267592935,92.56579800613223,0
10,161,194.5485664052871,130.20901022939657,21.302090102293967,0.13020901022939657,77.83686893535189,0
10,162,195.31342593108107,130.9727379755915,21.309727379755916,0.1309727379755915,76.34134123936671,0
10,163,429.4153321547227,310.4260912115467,23.104260912115468,0.3104260912115467,73.12557580486836,1
10,164,393.74345715353263,220.36889007441505,22.20368890074415,0.22036889007441504,81.55477532029781,0
10,165,381.9742756601437,212.80931625186278,22.128093162518628,0.21280931625186278,98.89573980068648,0
10,166,380.6284435337571,228.06690090809678,22.280669009080967,0.22806690090809678,77.56539477079106,0
10,167,364.50243281117486,268.7742760554046,22.687742760554045,0.2687742760554046,93.48393020361343,0
11,0,273.25517382965404,144.95284048459916,21.449528404845992,0.14495284048459917,85.0527577998116,0
11,1,320.70366381983865,186.27725427935832,21.862772542793582,0.18627725427935832,74.21351052952426,0
11,2,276.22865642850644,180.54696979112157,21.805469697911217,0.18054696979112156,90.80472788568211,0
11,3,289.8374503464525,229.45577285255953,22.294557728525596,0.22945577285255953,79.87480133250382,0
11,4,275.33858133207383,153.22732666387478,21.532273266638747,0.15322732666387479,74.01389467442073,0
11,5,338.8393720241464,225.26331104673008,22.2526331104673,0.22526331104673009,90.69152474236604,0
11,6,297.17760302089584,215.18541731052665,22.151854173105267,0.21518541731052665,74.28475058893895,0
11,7,302.96544567833763,161.7938979643238,21.617938979643238,0.1617938979643238,76.29300307328867,0
11,8,380.02494591007525,287.6894914723013,22.876894914723014,0.28768949147230133,81.9636807567634,0
11,9,416.46825889175454,215.9883971258093,22.159883971258093,0.2159883971258093,84.43073208125085,0
11,10,380.82993749274425,224.1461240658748,22.241461240658747,0.2241461240658748,94.34633802786075,0
11,11,381.4429275458438,255.83893677932898,22.55838936779329,0.25583893677932895,88.9603546613884,0
11,12,278.90825237831245,142.59287158153538,21.425928715815353,0.14259287158153539,91.3237621946881,0
11,13,296.61971039476236,227.61941378034086,22.276194137803408,0.22761941378034087,80.32890697545731,0
11,14,263.58691848072243,135.41446324344713,21.354144632434473,0.13541446324344714,79.13416371718938,0
11,15,266.2800267140433,140.8935164051204,21.408935164051204,0.1408935164051204,88.89130795946883,0
11,16,269.78789554233276,174.96933778961198,21.74969337789612,0.174969337789612,70.16974871057957,0
11,17,302.75263155545747,186.4930639701774,21.864930639701775,0.1864930639701774,91.1338205091556,0
11,18,293.6194873837188,177.64238680193216,21.77642386801932,0.17764238680193217,80.98407914488307,0
11,19,570.6312202666164,340.1088418891556,23.401088418891554,0.3401088418891556,92.58642156268712,1
11,20,631.0292908147843,473.10049108090186,24.73100491080902,0.47310049108090185,83.26163414601368,1
11,21,601.7470017474058,344.60600514942576,23.446060051494257,0.34460600514942574,78.74958914467348,1
11,22,498.0235906722534,382.83931502742354,23.828393150274234,0.3828393150274235,80.21445432053154,1
11,23,503.50089304627863,348.91713722586593,23.48917137225866,0.3489171372258659,93.88427539712926,1
11,24,342.3977918850198,271.70760476751786,22.717076047675178,0.2717076047675179,99.20918295505616,0
11,25,305.92174359511046,197.4284363914916,21.974284363914915,0.1974284363914916,80.9352832700574,0
11,26,317.28321895716425,201.29304837745747,22.012930483774575,0.20129304837745746,99.51480371275751,0
11,27,330.3375911383885,246.6904268247478,22.46690426824748,0.2466904268247478,77.24058162332022,0
11,28,262.1482456816133,141.36426762845497,21.41364267628455,0.14136426762845497,99.2719276029803,0
11,29,302.57718137585016,184.57416648159816,21.845741664815982,0.18457416648159816,74.6191174542566,0
11,30,317.65747164559485,168.34779806189675,21.683477980618967,0.16834779806189676,88.88405866082732,0
11,31,329.842827789474,244.02057090242698,22.44020570902427,0.244020570902427,93.97674988702418,0
11,32,385.32974073652355,270.70844619263045,22.707084461926303,0.27070844619263046,70.62537113512981,0
11,33,413.2215900879275,243.55382405611138,22.435538240561115,0.24355382405611137,88.66987007281674,0
11,34,441.91183494806563,232.31722187506512,22.32317221875065,0.23231722187506512,85.53101766670738,0
11,35,421.75504572454224,317.0205837531055,23.170205837531054,0.3170205837531055,85.8308760515199,1
11,36,258.1866542315867,168.93224650787738,21.689322465078774,0.1689322465078774,94.57792392824334,0
11,37,253.5787623021342,135.20723297086485,21.352072329708648,0.13520723297086484,93.66107843436463,0
11,38,262.6869004675171,178.76276128530137,21.787627612853015,0.17876276128530136,79.31188927435491,0
11,39,329.37735633500137,211.45189905621768,22.114518990562175,0.2114518990562177,88.67458862925035,0
11,40,253.89691212149745,196.48188181576091,21.96481881815761,0.19648188181576093,92.12565766588001,0
11,41,346.9432704551008,174.28995682153163,21.742899568215318,0.17428995682153164,83.49786507548247,0
11,42,293.36714399576886,211.18839878324138,22.111883987832414,0.2111883987832414,93.27049901244932,0
11,43,571.5684200783471,448.1970565204453,24.481970565204453,0.4481970565204453,73.67427983904446,1
11,44,620.6684461063628,425.84705202171847,24.258470520217184,0.42584705202171846,85.41099432117724,1
11,45,629.1713924461101,348.0716970975984,23.480716970975983,0.34807169709759844,81.7396867958888,1
11,46,596.3496341762522,446.18965362129956,24.461896536212997,0.44618965362129953,87.11827337895376,1
11,47,538.1233825484474,270.7037343093591,22.707037343093592,0.2707037343093591,95.81746592948073,0
11,48,263.0308075976051,188.3783260857521,21.88378326085752,0.18837832608575208,82.5367600175386,0
11,49,287.38525131344,212.49041492457474,22.124904149245747,0.21249041492457474,82.31979292808435,0
11,50,289.53184166161446,199.18880836954997,21.9918880836955,0.19918880836954997,70.73185143534798,0
11,51,265.1957410968924,155.82329347886144,21.558232934788613,0.15582329347886145,89.71175260050853,0
11,52,298.853551990483,234.01723453182186,22.34017234531822,0.23401723453182185,89.5974566124786,0
11,53,316.2339799371672,163.63357612974391,21.63633576129744,0.1636335761297439,96.07803439761143,0
11,54,284.0117753481417,203.70643488654224,22.03706434886542,0.20370643488654225,73.24820458534495,0
11,55,337.00595530248853,183.02130346272918,21.830213034627292,0.18302130346272918,99.76375523350329,0
11,56,398.49559527491215,226.56551885119603,22.26565518851196,0.22656551885119602,73.59660160267393,0
11,57,421.6009952236945,221.51187206200558,22.215118720620055,0.22151187206200557,85.10711496608623,0
11,58,414.7231926955465,277.13976347818027,22.771397634781803,0.27713976347818026,79.3070464819888,0
11,59,407.1720953289995,322.5422519149236,23.225422519149237,0.3225422519149236,80.69360890538294,1
11,60,329.0045147339985,209.89086664305916,22.098908666430592,0.20989086664305914,83.8322097659478,0
11,61,334.1547591746195,181.8683624906717,21.81868362490672,0.1818683624906717,80.16236910348347,0
11,62,296.8974959010045,230.79323530954997,22.3079323530955,0.23079323530954998,83.37169340300815,0
11,63,282.8905966130973,156.0008386941738,21.56000838694174,0.1560008386941738,79.02390646505785,0
11,64,329.67017040384343,196.4853131711902,21.9648531317119,0.1964853131711902,91.84694517718954,0
11,65,345.1304958042905,274.3883530637314,22.743883530637312,0.27438835306373144,98.76789829700954,0
11,66,261.797019352682,144.5143795169064,21.445143795169063,0.14451437951690638,95.90009658015538,0
11,67,482.8749306555344,259.46819268217627,22.594681926821764,0.25946819268217625,71.02095308234188,0
11,68,516.2424766339543,365.3954923777072,23.65395492377707,0.36539549237770724,86.39811579340461,1
11,69,615.955791644376,458.9457778227369,24.58945777822737,0.4589457778227369,79.0857054395519,1
11,70,573.032276647985,332.919519310665,23.32919519310665,0.332919519310665,73.32015067804791,1
11,71,531.2972738046213,384.8511949813444,23.848511949813442,0.3848511949813444,93.94671824155331,1
11,72,263.2223097122939,168.18051137110936,21.681805113711093,0.16818051137110937,87.28242606865014,0
11,73,275.781684367283,151.7350805793836,21.517350805793836,0.15173508057938362,70.77650896200944,0
11,74,293.3712592435633,189.10370579105034,21.891037057910502,0.18910370579105035,81.26168432075518,0
11,75,267.3741905348454,196.2879231943208,21.96287923194321,0.19628792319432078,95.190517281715,0
11,76,327.86573378995854,225.6528902220606,22.256528902220605,0.2256528902220606,97.59450076054051,0
11,77,275.95610013053386,161.2128139991329,21.612128139991327,0.1612128139991329,75.06138973056726,0
11,78,333.1794668421481,263.11518351054394,22.631151835105438,0.26311518351054397,86.45687948642006,0
11,79,300.8066087495938,189.1690324399785,21.891690324399786,0.1891690324399785,72.96915152469239,0
11,80,426.5213937415374,257.2518191871998,22.572518191872,0.2572518191871998,76.21915560331547,0
11,81,422.5817387197664,271.5179464501633,22.715179464501634,0.2715179464501633,97.95189210287391,0
11,82,402.82027494426615,279.89851777129013,22.7989851777129,0.27989851777129016,97.60418738330102,0
11,83,417.97108776005905,316.7002945419754,23.167002945419753,0.3167002945419754,81.71684047536031,1
11,84,299.52277589053193,231.60441373355428,22.316044137335542,0.23160441373355428,94.36869005220078,0
11,85,338.11532478355264,235.75216805275912,22.35752168052759,0.23575216805275911,92.3216098411044,0
11,86,303.83973264076656,241.83191769809247,22.418319176980923,0.24183191769809248,70.22145110506185,0
11,87,333.66797212560147,197.42031245284772,21.974203124528476,0.19742031245284772,98.09887117737684,0
11,88,314.33754755487695,243.29695121064455,22.432969512106446,0.24329695121064454,88.33796837502692,0
11,89,292.60661346246826,202.84219650097782,22.028421965009777,0.20284219650097782,93.225234620179,0
11,90,292.20384660787477,149.7121592602339,21.49712159260234,0.1497121592602339,77.2222364193418,0
11,91,497.7910680544839,389.8609426604513,23.898609426604512,0.3898609426604513,84.75583401752078,1
11,92,525.9007273284948,322.9236277434837,23.229236277434836,0.32292362774348365,91.25458216420031,1
11,93,489.0096439757557,328.9740982371851,23.28974098237185,0.3289740982371851,70.24873899052066,1
11,94,504.34686874800957,380.1158327389813,23.801158327389814,0.3801158327389813,94.66351615480453,1
11,95,517.7538037874614,283.89232732545025,22.8389232732545,0.2838923273254503,94.9100227569966,0
11,96,319.0394265349034,217.95157470457517,22.179515747045752,0.21795157470457516,91.3322203230546,0
11,97,308.30969493882054,205.0501716679918,22.050501716679918,0.2050501716679918,99.34897866055836,0
11,98,338.18671670705277,198.121477663225,21.98121477663225,0.198121477663225,90.90032142451886,0
11,99,331.65089558062317,214.78320800534425,22.14783208005344,0.21478320800534426,86.21423766198318,0
11,100,287.50297626895673,202.1679040356185,22.021679040356183,0.20216790403561852,98.74566807945152,0
11,101,281.103139886966,194.983849566035,21.94983849566035,0.19498384956603498,82.90013847970707,0
11,102,268.25599730414575,153.11411583321146,21.531141158332115,0.15311411583321147,71.98109648918002,0
11,103,333.84301153805313,229.68305621023345,22.296830562102336,0.22968305621023344,77.28868768989331,0
11,104,397.6166643508084,260.5842656455486,22.605842656455486,0.2605842656455486,73.9716122676623,0
11,105,417.0151521369305,280.1940532036725,22.801940532036724,0.2801940532036725,84.4845582036582,0
11,106,381.3107320435967,239.14037747242264,22.391403774724225,0.23914037747242264,97.9056356006346,0
11,107,393.511090267768,309.65344454565997,23.096534445456598,0.30965344454565996,86.9585620559057,1
11,108,312.59979067241784,245.94142195087903,22.45941421950879,0.24594142195087904,95.06169403650655,0
11,109,308.6443446560443,160.9921085746442,21.609921085746443,0.1609921085746442,71.35294427407769,0
11,110,299.23258477530493,175.07316234396097,21.75073162343961,0.17507316234396098,73.70887665073623,0
11,111,266.64041723231117,204.8942087453453,22.048942087453455,0.2048942087453453,87.5450563830037,0
11,112,268.2398165125034,145.39485128727452,21.453948512872746,0.14539485128727453,90.41121633020609,0
11,113,263.0027990224196,143.50565117829177,21.435056511782918,0.14350565117829178,83.5004983271125,0
11,114,309.9704021234155,181.40469694375827,21.814046969437584,0.18140469694375827,99.22585998223454,0
11,115,600.9149488638833,301.5346593215933,23.015346593215934,0.30153465932159335,73.25684745121393,1
11,116,483.87790156626556,369.3608155611999,23.693608155611997,0.3693608155611999,83.55175076801517,1
11,117,482.12763237700887,292.08134608322536,22.920813460832253,0.29208134608322533,89.75885697370916,0
11,118,610.0178983199867,305.7402339287719,23.05740233928772,0.30574023392877187,91.77054496515981,1
11,119,502.46536055457335,325.7868225837278,23.257868225837278,0.3257868225837278,78.67193957813008,1
11,120,269.3461272435835,207.0853920290096,22.070853920290098,0.2070853920290096,96.52416077475087,0
11,121,286.91349954786506,165.9647777912218,21.65964777791222,0.1659647777912218,90.02173320275858,0
11,122,262.95414133796976,197.43245742251392,21.97432457422514,0.19743245742251392,77.39526605570302,0
11,123,296.2060442411136,230.63402633991114,22.30634026339911,0.23063402633991115,79.09827831706887,0
11,124,346.0002007761694,236.35452628466652,22.363545262846664,0.23635452628466652,78.45211062245687,0
11,125,282.5877612407789,214.69022626626042,22.146902262662604,0.21469022626626041,82.77567104309684,0
11,126,333.9680925010731,183.24256506740088,21.832425650674008,0.1832425650674009,78.54294911453522,0
11,127,321.43433485255144,178.16613347527206,21.78166133475272,0.17816613347527205,80.30523960902771,0
11,128,407.2243205142298,312.1131447547102,23.121131447547103,0.3121131447547102,95.53416293944399,1
11,129,419.89212771284485,257.8295350192144,22.578295350192143,0.2578295350192144,77.26660694695899,0
11,130,387.0849528748442,259.88097346793114,22.59880973467931,0.25988097346793115,95.00595664220891,0
11,131,429.0024017895034,258.1663013233449,22.58166301323345,0.2581663013233449,81.98721480817697,0
11,132,306.15134758217675,175.46288884151394,21.75462888841514,0.17546288884151395,80.40046502066583,0
11,133,297.30850321961555,190.18698613134495,21.90186986131345,0.19018698613134497,84.62945140334567,0
11,134,334.1185960029785,256.819249044853,22.56819249044853,0.256819249044853,75.9633800549355,0
11,135,256.483281221771,190.1519944265537,21.901519944265537,0.1901519944265537,94.35199062745015,0
11,136,307.9346892077272,205.17719080881753,22.051771908088174,0.20517719080881752,91.48391013593083,0
11,137,303.235124693027,200.4725943487316,22.004725943487315,0.2004725943487316,98.39072648140973,0
11,138,291.53501109118247,210.8199413446014,22.108199413446016,0.2108199413446014,78.50664725669603,0
11,139,624.0313511893985,456.7219998064308,24.56721999806431,0.4567219998064308,72.15577845000074,1
11,140,494.77433124315814,381.83880008951337,23.818388000895133,0.3818388000895134,79.80034957992649,1
11,141,545.8173311506055,329.5673339619976,23.295673339619974,0.32956733396199756,74.71425233237306,1
11,142,627.2764324963546,371.82385675627586,23.718238567562757,0.3718238567562759,94.76212565770746,1
11,143,551.9348645279258,288.1340305485634,22.881340305485633,0.28813403054856335,93.20724618241577,0
11,144,260.71156736916913,141.03810551574662,21.410381055157465,0.1410381055157466,76.52393096041804,0
11,145,332.4166554399705,248.15170008874432,22.481517000887443,0.24815170008874432,80.28956651263752,0
11,146,263.8173309803883,159.31130896389587,21.59311308963896,0.15931130896389586,75.53752322388718,0
11,147,295.8827048752582,212.3498614303099,22.1234986143031,0.2123498614303099,86.95951210443285,0
11,148,283.27504717609423,217.65964365646403,22.17659643656464,0.21765964365646404,77.85172081260468,0
11,149,339.8281585973806,220.52803233712618,22.205280323371262,0.22052803233712617,93.97621933519187,0
11,150,285.9603937987227,154.28072759502896,21.542807275950288,0.15428072759502898,92.3072259096093,0
11,151,293.2893582403743,175.07264105863013,21.750726410586303,0.17507264105863013,75.975184916181,0
11,152,397.6370021139972,302.80904086949573,23.028090408694958,0.3028090408694957,93.47312441057616,1
11,153,386.79373065731943,264.51745656401926,22.645174565640193,0.26451745656401926,90.42976810816118,0
11,154,389.9612500597087,271.2425477448818,22.712425477448818,0.27124254774488177,94.45377578293349,0
11,155,382.37734278950825,200.42627824417866,22.004262782441785,0.20042627824417866,74.62166876399847,0
11,156,305.4550770918805,170.2862988699842,21.70286298869984,0.1702862988699842,89.69873801185375,0
11,157,294.59330892823584,174.6457032379597,21.746457032379595,0.17464570323795972,81.17211428824412,0
11,158,261.49218140153636,176.01803631777756,21.760180363177774,0.17601803631777757,87.37964876008347,0
11,159,308.6924257495359,233.27353174596053,22.332735317459605,0.23327353174596052,81.88849036444658,0
11,160,291.98058393026986,159.54587532519957,21.595458753251997,0.15954587532519957,94.14329554335393,0
11,161,307.9993324885211,206.25827347953313,22.06258273479533,0.20625827347953313,77.49138360175449,0
11,162,262.48720273402057,147.86765233375178,21.47867652333752,0.14786765233375176,90.2130932657756,0
11,163,593.5588781978231,388.74440940944964,23.887444094094498,0.38874440940944965,98.38013921699071,1
11,164,611.5314948634636,480.76669132503434,24.807666913250344,0.48076669132503436,81.19744155987057,1
11,165,566.0091724821901,377.88409419797375,23.778840941979738,0.37788409419797375,97.23012540650419,1
11,166,584.2555927521361,344.13800100104237,23.441380010010423,0.34413800100104236,80.11058355347346,1
11,167,502.2860238006491,350.0796554476092,23.500796554476093,0.35007965544760916,71.50092258278326,1
12,0,378.82286196528844,216.48216455735923,22.164821645573593,0.21648216455735922,85.13964481495411,0
12,1,450.5185883042505,252.6211395718438,22.526211395718438,0.2526211395718438,82.54404101237034,0
12,2,360.36049061283256,209.15083773638668,22.091508377363866,0.20915083773638668,95.29022949806316,0
12,3,398.6571520679302,304.1207549618433,23.041207549618434,0.3041207549618433,70.1468297217081,1
12,4,396.5354663938386,307.11045396630027,23.071104539663004,0.30711045396630027,72.05795783435943,1
12,5,423.34874469645445,301.87303672060773,23.01873036720608,0.3018730367206077,92.5029208784365,1
12,6,385.31597438412524,205.76701567551552,22.057670156755155,0.20576701567551553,95.05650893557947,0
12,7,431.46949839664995,283.7940475078883,22.837940475078884,0.2837940475078883,93.84899207078354,0
12,8,549.4243259763876,389.5816326334734,23.895816326334735,0.3895816326334734,98.59263585334944,1
12,9,525.3022161216171,265.7320675272002,22.657320675272,0.2657320675272002,71.69042332695592,0
12,10,526.4115240704635,374.7517819205008,23.747517819205008,0.3747517819205008,82.00808489436716,1
12,11,539.3548925530371,419.9673108359272,24.19967310835927,0.4199673108359272,85.3448422662762,1
12,12,408.65441186737166,282.6467164054364,22.826467164054364,0.28264671640543637,91.15004604009042,0
12,13,469.6866736913802,268.6991982455756,22.686991982455755,0.2686991982455756,78.95157891412296,0
12,14,437.0717130545079,257.44194619076035,22.574419461907603,0.25744194619076033,75.92679831962361,0
12,15,380.43407727256306,259.99331335265276,22.599933133526527,0.25999331335265274,78.7661592745395,0
12,16,438.64596007779494,294.58734190876737,22.945873419087675,0.2945873419087674,82.06640845012198,0
12,17,378.847517439308,266.6685845163338,22.666685845163336,0.2666685845163338,86.30035171781029,0
12,18,399.6116075943855,289.1469184614682,22.89146918461468,0.2891469184614682,91.40975038447418,0
12,19,733.2110248088848,415.5050897160614,24.155050897160613,0.41550508971606137,88.08595945543813,1
12,20,780.4743330985408,481.20388769259034,24.812038876925904,0.4812038876925903,98.46950479980381,1
12,21,790.2202158240909,486.63145641575346,24.866314564157534,0.48663145641575345,88.89950065214322,1
12,22,787.120456124637,620.4011226669003,26.204011226669003,0.6204011226669003,80.42195918819019,1
12,23,807.8321554931902,631.8830637160252,26.318830637160254,0.6318830637160252,87.85026182813962,1
12,24,463.3622358434386,299.66805734982813,22.99668057349828,0.29966805734982815,74.68362819103041,0
12,25,448.46999224247304,255.8350369744555,22.558350369744556,0.25583503697445553,78.30730343754423,0
12,26,431.65351227885645,254.55200324968033,22.545520032496803,0.2545520032496803,95.28096213429778,0
12,27,412.23840605454774,261.6444578965647,22.61644457896565,0.2616444578965647,94.23315642781215,0
12,28,435.7829490701882,275.22103942625506,22.75221039426255,0.2752210394262551,95.86269776966624,0
12,29,361.9954526252805,275.24470864431055,22.752447086443105,0.27524470864431055,82.11403190058634,0
12,30,440.7580146727358,273.014425691216,22.730144256912162,0.273014425691216,90.76596866802652,0
12,31,382.91280000357534,235.48645725373197,22.35486457253732,0.23548645725373196,90.83306408409906,0
12,32,590.3861962202005,395.03770939416387,23.95037709394164,0.3950377093941639,87.45927363117507,1
12,33,547.2946554184717,391.641128302915,23.91641128302915,0.391641128302915,81.26892202901931,1
12,34,525.16787498702,357.65692335413723,23.57656923354137,0.35765692335413724,90.04456289553306,1
12,35,551.3239922031648,386.6314988361417,23.866314988361417,0.38663149883614173,78.41713503802907,1
12,36,393.27365695107295,261.07953730794185,22.61079537307942,0.26107953730794187,90.6469544385033,0
12,37,423.6246665894728,306.3550823835255,23.063550823835254,0.3063550823835255,95.29036532513028,1
12,38,409.05711691027903,245.6959702083249,22.45695970208325,0.2456959702083249,95.81105178105483,0
12,39,470.56499417908407,345.38764434860695,23.45387644348607,0.34538764434860697,76.20783842971038,1
12,40,466.8650804176901,312.6225886136644,23.126225886136645,0.3126225886136644,86.17898908224998,1
12,41,434.6752383495142,337.2453796084051,23.372453796084052,0.33724537960840506,91.97651572861609,1
12,42,402.2273778143619,254.00272151231684,22.540027215123168,0.25400272151231684,96.91769022243771,0
12,43,731.5631188281444,484.3354975939232,24.84335497593923,0.4843354975939232,80.604101297399,1
12,44,699.7958922472621,487.2227228011361,24.87222722801136,0.4872227228011361,81.25393768712527,1
12,45,682.754371284617,516.3062952689955,25.163062952689955,0.5163062952689955,93.22421087480895,1
12,46,790.7511791134544,405.96863692706813,24.059686369270683,0.40596863692706814,77.88672827306256,1
12,47,863.2237222315485,601.4741652443707,26.014741652443707,0.6014741652443707,98.15675188554968,1
12,48,379.6108985178891,297.10438995945697,22.97104389959457,0.297104389959457,70.47222037364345,0
12,49,383.15717102073285,220.83600551742117,22.20836005517421,0.22083600551742116,79.75372653252018,0
12,50,405.0257748343794,305.70105532243025,23.057010553224302,0.30570105532243025,85.77920957798217,1
12,51,407.50526622879977,237.45016667449045,22.374501666744905,0.23745016667449045,95.07476783667711,0
12,52,419.3275062632321,286.2589151632858,22.862589151632857,0.2862589151632858,84.63283685833684,0
12,53,363.9701377388868,211.30315991390688,22.11303159913907,0.21130315991390689,79.38555668175138,0
12,54,405.5154056308671,298.07130377533076,22.980713037753308,0.29807130377533075,80.06319330666892,0
12,55,394.22952309445066,274.3617710346167,22.743617710346168,0.27436177103461673,87.4606820372577,0
12,56,556.8491784508708,440.997967352631,24.40997967352631,0.440997967352631,91.70989664360887,1
12,57,588.8445362764959,468.0428222177014,24.680428222177014,0.46804282221770144,98.1792957152685,1
12,58,580.0096029514934,391.2294190713477,23.912294190713478,0.39122941907134773,72.16560489369358,1
12,59,578.0113625527985,452.2521951600488,24.52252195160049,0.45225219516004883,90.26170159509623,1
12,60,379.64824471353216,231.82216931145038,22.318221693114502,0.2318221693114504,80.9961971844903,0
12,61,430.9324434187095,266.3369401960536,22.663369401960537,0.2663369401960536,76.1646712188317,0
12,62,430.0313884450956,238.9805105682295,22.389805105682296,0.2389805105682295,88.67285811734551,0
12,63,400.4388748785803,247.82940393733483,22.47829403937335,0.24782940393733482,75.59612729254093,0
12,64,454.5356933592805,283.53000388334294,22.83530003883343,0.28353000388334293,96.75798377733648,0
12,65,420.87891300059823,218.77745985436096,22.18777459854361,0.21877745985436095,93.75265012283572,0
12,66,386.05822415894585,304.50003154891357,23.045000315489137,0.3045000315489136,74.46520168781869,1
12,67,861.3103748552589,617.9397531272228,26.17939753127223,0.6179397531272228,96.24367254153876,1
12,68,685.3677627673029,510.8511438432788,25.10851143843279,0.5108511438432788,81.54835347226667,1
12,69,747.7676344612515,548.6160084106066,25.486160084106068,0.5486160084106065,86.76875271819722,1
12,70,707.5874501271555,402.2280338256346,24.022280338256344,0.4022280338256346,90.57139829847382,1
12,71,681.4116051560143,352.5637265698574,23.525637265698574,0.3525637265698574,90.31169619004697,1
12,72,424.8966511582871,304.7761877357306,23.047761877357306,0.3047761877357306,92.69963772474857,1
12,73,403.10262571757977,298.1696835432354,22.981696835432352,0.2981696835432354,74.10625198750833,0
12,74,446.0861678392968,353.69280194327314,23.536928019432732,0.3536928019432731,89.58991483011437,1
12,75,469.34014362972897,353.78745349923344,23.537874534992334,0.35378745349923346,92.46538416842697,1
12,76,405.6681583065947,263.29293418381894,22.63292934183819,0.26329293418381894,70.50502537705293,0
12,77,384.3114660458051,298.2177988360276,22.982177988360277,0.2982177988360276,79.66890637461098,0
12,78,362.4913855119062,256.452462549523,22.56452462549523,0.256452462549523,71.23893715407877,0
12,79,376.9882697705448,224.5629592562017,22.245629592562018,0.2245629592562017,94.07049984744799,0
12,80,523.4766611819189,334.0966523252343,23.34096652325234,0.3340966523252343,73.30962601091021,1
12,81,587.9125181390668,312.8389257890631,23.128389257890632,0.31283892578906314,83.92730025377168,1
12,82,541.5148281053189,431.4249811081717,24.314249811081716,0.43142498110817173,99.5840027451035,1
12,83,598.8453422820953,302.0850321404131,23.020850321404133,0.3020850321404131,72.23752698032256,1
12,84,408.563084153324,320.1071653423856,23.201071653423856,0.3201071653423856,99.42059772889502,1
12,85,419.1790540520031,316.75503767598093,23.16755037675981,0.31675503767598095,75.37081417696851,1
12,86,459.38692640507475,351.6292678681759,23.516292678681758,0.3516292678681759,87.87117886033575,1
12,87,370.96785115811286,206.6158644666205,22.066158644666206,0.2066158644666205,98.74429360729889,0
12,88,410.4629252511975,255.06786244316453,22.550678624431647,0.25506786244316454,81.75349940720923,0
12,89,439.78139521244725,351.6926704268846,23.516926704268847,0.3516926704268846,70.75881170066394,1
12,90,419.848419562826,267.86618214086894,22.67866182140869,0.26786618214086894,88.39926065163023,0
12,91,770.4711633132399,391.80601963526425,23.91806019635264,0.39180601963526424,76.95196020480958,1
12,92,865.3287321646953,461.91245143609507,24.61912451436095,0.46191245143609505,77.16658422455345,1
12,93,775.4228190033299,509.8401133899695,25.098401133899696,0.5098401133899695,84.85097107896486,1
12,94,691.8047372525544,547.8323925712776,25.478323925712775,0.5478323925712776,88.9232698602069,1
12,95,817.4393162010037,600.9983335627987,26.009983335627986,0.6009983335627987,98.88593613282659,1
12,96,402.7003850434105,231.41524602795266,22.314152460279526,0.23141524602795266,77.19856978387142,0
12,97,381.3624020035872,290.9679325676854,22.909679325676855,0.2909679325676854,87.9432788891162,0
12,98,446.5900694987182,296.8104202114289,22.96810420211429,0.2968104202114289,88.02964963733034,0
12,99,471.3166629027047,309.42073092782925,23.094207309278293,0.30942073092782924,86.06143358401198,1
12,100,417.6081442949158,263.1942896311854,22.631942896311855,0.2631942896311854,88.21879653751168,0
12,101,402.76086302152623,268.3546267914929,22.683546267914927,0.26835462679149286,99.55441045211734,0
12,102,393.3680820462295,295.3692486966457,22.953692486966457,0.29536924869664566,81.06786741417245,0
12,103,408.0914496412143,215.27276878375156,22.152727687837515,0.21527276878375157,82.50419189728402,0
12,104,540.2519966176486,392.06377907116365,23.920637790711638,0.39206377907116363,74.86558988200252,1
12,105,583.6105972754602,465.1186860223822,24.651186860223824,0.46511868602238216,92.70919348343008,1
12,106,569.1037836875395,454.4713142013118,24.54471314201312,0.4544713142013118,89.88136771856465,1
12,107,559.1296472070503,399.4833678813282,23.994833678813283,0.3994833678813282,84.41674860001119,1
12,108,371.09722843765536,185.89083220933614,21.858908322093363,0.18589083220933614,98.89422670900953,0
12,109,354.1454210766917,283.1675855109604,22.831675855109605,0.2831675855109604,83.17597633522003,0
12,110,443.32258077223867,262.4008461224792,22.624008461224793,0.2624008461224792,94.1753252591748,0
12,111,354.63254749932025,233.83013409509098,22.33830134095091,0.23383013409509099,93.93602468735669,0
12,112,431.1631462118926,281.5764124966805,22.815764124966805,0.28157641249668053,70.79362897674902,0
12,113,351.78211898863833,204.47334112647968,22.044733411264797,0.2044733411264797,89.5848835044377,0
12,114,464.4686486352934,311.7259353254845,23.117259353254845,0.3117259353254845,85.52891980208128,1
12,115,760.9250827224723,526.6993462521385,25.266993462521384,0.5266993462521385,80.58689690948636,1
12,116,657.85939082296,467.0320014362543,24.67032001436254,0.4670320014362543,98.5138102310135,1
12,117,844.1070869950348,578.1378613905817,25.78137861390582,0.5781378613905818,71.24470354494284,1
12,118,784.6336378649297,608.749997249317,26.08749997249317,0.608749997249317,76.80963147490515,1
12,119,868.836870803107,650.0956256163289,26.50095625616329,0.6500956256163289,77.27360214227188,1
12,120,385.82573228134925,199.868557623442,21.99868557623442,0.199868557623442,83.78465224185321,0
12,121,391.92859196341607,283.1634760126383,22.831634760126384,0.2831634760126383,85.60422305538107,0
12,122,471.63912887925795,253.48615391772853,22.534861539177285,0.25348615391772855,92.47137749819039,0
12,123,409.4443990507534,280.3012200992255,22.803012200992256,0.2803012200992255,78.20538625483297,0
12,124,404.4104618832803,205.3252670443654,22.053252670443655,0.2053252670443654,72.25586708553189,0
12,125,435.1275666195945,345.2521795698296,23.452521795698296,0.3452521795698296,86.41005350915603,1
12,126,451.49337798697684,304.725481463042,23.04725481463042,0.304725481463042,93.73622313126793,1
12,127,473.026799576687,360.77919185412026,23.607791918541203,0.3607791918541203,86.57687167893017,1
12,128,530.7391782106897,376.928134416462,23.769281344164618,0.376928134416462,89.06803915744176,1
12,129,578.6648235273169,361.19850431889205,23.61198504318892,0.36119850431889206,82.14321872597101,1
12,130,580.5506304797392,370.2347193959177,23.702347193959177,0.3702347193959177,75.87117346967297,1
12,131,576.8168467765056,420.8697332697493,24.208697332697493,0.4208697332697493,73.32724947395484,1
12,132,438.7492154689241,271.87495499179056,22.718749549917906,0.27187495499179054,87.21136116342953,0
12,133,360.79124526981184,233.81845308540895,22.33818453085409,0.23381845308540894,85.67963621129897,0
12,134,410.89157737232273,207.84255743133218,22.07842557431332,0.20784255743133218,93.78338796187317,0
12,135,373.94747300293324,291.5283561883938,22.91528356188394,0.2915283561883938,98.93544663765928,0
12,136,460.059330528759,272.7271784577468,22.727271784577468,0.2727271784577468,78.5348336164775,0
12,137,425.1915580836603,268.5944231476142,22.685944231476142,0.26859442314761417,73.81017301670285,0
12,138,385.14406460339364,278.7660911562905,22.787660911562906,0.2787660911562905,75.75818979200679,0
12,139,849.3670312869924,457.89805084356135,24.578980508435613,0.45789805084356133,89.25191170219142,1
12,140,779.7625263171944,399.96902891480744,23.999690289148074,0.39996902891480746,93.25455697427827,1
12,141,846.5246730134872,433.2394868816566,24.332394868816564,0.4332394868816566,86.12742579766697,1
12,142,775.3950799449029,473.70580721847745,24.737058072184773,0.47370580721847744,75.11533932752714,1
12,143,771.2207647900473,577.2181129579811,25.772181129579813,0.5772181129579811,78.39782858296971,1
12,144,436.01310662522866,226.39728495295344,22.263972849529534,0.22639728495295344,74.50173126445505,0
12,145,416.87503667880384,294.7321220655938,22.947321220655937,0.2947321220655938,73.99955287159241,0
12,146,399.7491051115905,283.8484326318269,22.83848432631827,0.2838484326318269,92.61159781831886,0
12,147,444.0002178581238,255.54389564421646,22.555438956442163,0.2555438956442165,75.84541808264797,0
12,148,441.2059704357962,266.7680398009482,22.66768039800948,0.2667680398009482,97.81020785071492,0
12,149,387.1378224773027,209.38508948502923,22.09385089485029,0.20938508948502924,96.62325370092242,0
12,150,438.8983039277087,239.8192769467296,22.398192769467297,0.23981927694672958,89.72750322623412,0
12,151,449.2627787836203,329.3146701627448,23.29314670162745,0.3293146701627448,86.43730209571264,1
12,152,541.9483039117714,360.4341918351625,23.604341918351626,0.3604341918351625,74.96279194044172,1
12,153,544.0912099594957,415.3041528260089,24.15304152826009,0.41530415282600885,83.61617900365162,1
12,154,547.1500211594986,407.365559773775,24.073655597737748,0.407365559773775,93.26877086844023,1
12,155,598.9331702475548,327.845581089697,23.278455810896972,0.327845581089697,78.75270516678883,1
12,156,440.3402101057196,307.81356682250737,23.078135668225073,0.3078135668225074,83.39664025032003,1
12,157,355.4332083394672,270.04370405714246,22.700437040571423,0.27004370405714245,96.5126940368559,0
12,158,464.3069884804747,251.9394816584051,22.51939481658405,0.2519394816584051,89.09242821098944,0
12,159,414.2960386542976,301.6031459316031,23.016031459316032,0.3016031459316031,98.04154377581342,1
12,160,458.75426587233994,342.40477270019994,23.424047727001998,0.3424047727001999,97.76474287061383,1
12,161,419.29353771915436,211.24436387021254,22.112443638702125,0.21124436387021253,97.29256236663672,0
12,162,477.75700927095943,324.5055106782495,23.245055106782495,0.3245055106782495,83.4633538807769,1
12,163,786.236853644476,495.4147784686179,24.954147784686178,0.4954147784686179,83.28116627310725,1
12,164,779.706991858244,591.4033784657579,25.91403378465758,0.5914033784657579,72.72633097495817,1
12,165,721.2930617517166,373.9970487748557,23.739970487748558,0.37399704877485573,99.70936423259451,1
12,166,829.206166241176,490.37764776538984,24.9037764776539,0.49037764776538983,76.62713499797098,1
12,167,691.2599397500896,518.6540555486799,25.1865405554868,0.5186540555486799,70.99436516938411,1
13,0,355.6489625022546,277.3684701713086,22.773684701713087,0.2773684701713086,88.64134539058516,0
13,1,360.31834763304147,253.79109475225223,22.537910947522523,0.25379109475225226,74.09558950200687,0
13,2,369.488123259734,193.1213720748136,21.931213720748136,0.19312137207481359,89.9953314898372,0
13,3,441.11422725460204,297.7520117457645,22.977520117457644,0.2977520117457645,94.4336777161508,0
13,4,401.0170950393259,310.92094494173364,23.109209449417335,0.3109209449417336,99.03101321795965,1
13,5,370.5630060300088,257.14734514101866,22.571473451410185,0.25714734514101867,95.9548815313633,0
13,6,360.90775995181644,187.10689553504707,21.87106895535047,0.18710689553504709,70.63803695329963,0
13,7,404.9954198506709,323.82691171902576,23.238269117190256,0.3238269117190258,91.3596311720802,1
13,8,550.9768051418197,418.21388289365564,24.182138828936555,0.41821388289365563,87.46204296003529,1
13,9,560.7712623689272,416.77221396513096,24.16772213965131,0.416772213965131,75.14137968027201,1
13,10,515.7721359661044,373.4232123024184,23.734232123024185,0.3734232123024184,96.19344681921966,1
13,11,555.8852811691468,418.09881862547013,24.1809881862547,0.4180988186254701,71.97378282551311,1
13,12,367.029994033473,212.49962905865235,22.124996290586523,0.21249962905865236,84.75459830526457,0
13,13,415.184969613202,307.26901449101985,23.072690144910197,0.30726901449101984,84.87634460410457,1
13,14,453.8086230296584,285.6077970855633,22.856077970855633,0.2856077970855633,78.2354839066472,0
13,15,332.62943370407476,263.33160462438457,22.633316046243845,0.26333160462438454,83.5469783436395,0
13,16,438.2786611082609,272.5561171014673,22.72556117101467,0.2725561171014673,97.71414547314522,0
13,17,348.4528333199884,253.1982230821734,22.531982230821733,0.2531982230821734,89.16832605317666,0
13,18,382.4665173191994,213.4108587901912,22.134108587901913,0.21341085879019123,87.85716368981501,0
13,19,812.2741449387,634.2143133435328,26.34214313343533,0.6342143133435328,74.36827585230569,1
13,20,636.4368545270812,499.9100422712308,24.99910042271231,0.4999100422712308,77.81957512128278,1
13,21,658.8847606551105,439.251102312258,24.39251102312258,0.439251102312258,80.95367898344648,1
13,22,758.263489965288,535.4571295826055,25.354571295826055,0.5354571295826055,98.40533720926182,1
13,23,751.0081778862304,390.01897297496595,23.90018972974966,0.39001897297496596,71.97566859915203,1
13,24,364.93434290367793,186.63754239980895,21.86637542399809,0.18663754239980895,77.86705761178435,0
13,25,339.03788286305354,213.86281098582606,22.13862810985826,0.21386281098582605,83.95609263936451,0
13,26,441.5528038447276,319.8432760708485,23.198432760708485,0.3198432760708485,98.85863705479363,1
13,27,401.23595400480957,309.5628228751054,23.095628228751053,0.3095628228751054,74.05373625410945,1
13,28,361.67349153370355,243.36040996077259,22.433604099607727,0.24336040996077257,78.7981390366609,0
13,29,417.5586684623377,256.17292537569085,22.56172925375691,0.25617292537569086,98.59291589064006,0
13,30,412.5532274239274,218.28426791451042,22.182842679145104,0.21828426791451042,77.68980527463037,0
13,31,381.18653669676615,290.75211958470777,22.907521195847078,0.29075211958470776,72.33404168015348,0
13,32,502.56741669541987,314.86522743146486,23.14865227431465,0.31486522743146483,82.26050000123998,1
13,33,557.8368972920849,430.9577597676572,24.309577597676572,0.4309577597676572,74.307083900532,1
13,34,513.9478303619825,330.9772242186528,23.30977224218653,0.3309772242186528,87.08459900717256,1
13,35,566.9860308598429,349.6701028571081,23.49670102857108,0.3496701028571081,90.84889918746532,1
13,36,441.6231331837958,335.13395562439706,23.35133955624397,0.3351339556243971,84.0879187359571,1
13,37,448.51340581792175,269.8796997381654,22.698796997381656,0.2698796997381654,70.21276517191677,0
13,38,416.45018131229233,214.67848824201556,22.146784882420157,0.21467848824201557,83.96613126579079,0
13,39,440.3271685359052,288.1989374136569,22.88198937413657,0.2881989374136569,73.03669839683064,0
13,40,445.60490082874674,318.7746933747687,23.187746933747686,0.31877469337476866,91.03065250190173,1
13,41,418.3965832585383,308.4180918816423,23.084180918816422,0.30841809188164226,72.30200998895877,1
13,42,425.322908796872,254.52482846850484,22.545248284685048,0.2545248284685048,85.5562189968404,0
13,43,640.9072662760324,497.31734866483333,24.973173486648335,0.49731734866483335,86.08469734454987,1
13,44,731.8829732935478,575.1167069940967,25.75116706994097,0.5751167069940967,73.11985759517725,1
13,45,724.7513682311168,500.42433293132746,25.004243329313276,0.5004243329313275,80.22857126622041,1
13,46,715.5085174657418,420.68915627158435,24.206891562715843,0.4206891562715844,81.94601974321557,1
13,47,819.1982319940513,539.0588162288477,25.390588162288477,0.5390588162288478,94.80215740828339,1
13,48,336.6553405102151,245.999228462495,22.45999228462495,0.245999228462495,70.25353140769387,0
13,49,375.7973644512315,191.95676719335682,21.919567671933567,0.19195676719335683,98.14094578054792,0
13,50,352.72526286161775,194.12347933516614,21.94123479335166,0.19412347933516613,91.93595542604453,0
13,51,399.56568685127525,251.55038792338672,22.51550387923387,0.25155038792338674,84.95543024270187,0
13,52,436.01510511673905,246.6292626841242,22.46629262684124,0.2466292626841242,76.84663775958059,0
13,53,439.55020792109013,335.40068602802745,23.354006860280276,0.3354006860280275,83.41050238362038,1
13,54,379.3207741965735,230.38150173494535,22.303815017349454,0.23038150173494534,91.24094799399248,0
13,55,339.18531458701017,259.9904989364362,22.59990498936436,0.2599904989364362,93.35294336155489,0
13,56,511.7326137154241,333.9091553287019,23.33909155328702,0.3339091553287019,74.19575522334499,1
13,57,572.9720905189773,429.39181327090773,24.293918132709077,0.42939181327090775,88.31365571558459,1
13,58,548.7980483744699,316.65694416978334,23.166569441697835,0.31665694416978335,83.92316128089128,1
13,59,547.0971287149225,420.9742212608379,24.20974221260838,0.4209742212608379,95.42248409422636,1
13,60,396.1688426680518,203.55781717828194,22.03557817178282,0.20355781717828195,70.1812586437253,0
13,61,402.76820942235616,224.96034493047347,22.249603449304736,0.22496034493047345,90.08469714267,0
13,62,430.52833875919987,232.09023816338384,22.32090238163384,0.23209023816338384,97.36018389942207,0
13,63,394.44847603649555,302.95122492838203,23.02951224928382,0.30295122492838206,95.5270214530394,1
13,64,345.9707808389059,253.67963904980755,22.536796390498075,0.25367963904980756,86.17516518805337,0
13,65,349.9709914153494,217.178802167485,22.17178802167485,0.217178802167485,89.81139469630581,0
13,66,406.94314907919704,220.53139748230438,22.205313974823042,0.22053139748230438,89.10591982542945,0
13,67,726.7002089295437,480.56051980124846,24.805605198012486,0.4805605198012485,95.2966970712919,1
13,68,747.9436260666823,596.4780605846472,25.96478060584647,0.5964780605846473,95.49640987042622,1
13,69,638.1654567941528,342.38927937155023,23.423892793715503,0.3423892793715502,82.51444899868378,1
13,70,790.1318813690376,562.5424172195353,25.625424172195352,0.5625424172195354,73.30921984553898,1
13,71,704.9237014587844,372.02392003266704,23.72023920032667,0.37202392003266704,81.32599347221519,1
13,72,347.6373337870447,210.72101263316927,22.107210126331694,0.21072101263316928,84.63912999175454,0
13,73,376.0853488075308,263.306034835372,22.63306034835372,0.26330603483537196,88.54805375486569,0
13,74,392.84105857909435,212.73637701613515,22.127363770161352,0.21273637701613515,72.39058238591728,0
13,75,453.1954032946132,285.9211708506122,22.859211708506123,0.2859211708506122,99.59499468094492,0
13,76,443.98847174243764,353.2405400004664,23.532405400004663,0.3532405400004664,97.86853510981614,1
13,77,437.9019408496161,254.57942746970804,22.54579427469708,0.254579427469708,87.57986638586897,0
13,78,446.81793661768893,268.4453480418972,22.684453480418973,0.2684453480418972,71.44886888021375,0
13,79,451.35589840185406,268.23872891642424,22.682387289164243,0.26823872891642425,97.53180712339173,0
13,80,550.6356375184172,288.13132985862904,22.881313298586292,0.28813132985862905,93.92009755738383,0
13,81,536.6259255473483,312.2795599635205,23.122795599635204,0.3122795599635205,97.10861949724374,1
13,82,513.16485445473,300.55311919762215,23.00553119197622,0.3005531191976222,85.9136650658429,1
13,83,575.4468962074462,382.60774575861944,23.826077457586194,0.38260774575861944,85.28713307474167,1
13,84,360.04637300005476,203.8265776805059,22.03826577680506,0.20382657768050588,96.28388376049813,0
13,85,410.9906147006471,248.34416276767507,22.48344162767675,0.24834416276767507,83.61431034269198,0
13,86,388.41089257591585,200.41820828300132,22.004182082830013,0.20041820828300133,80.089597692329,0
13,87,347.3912326975047,230.14406815328277,22.301440681532828,0.23014406815328278,75.05792526168558,0
13,88,388.92082396955766,299.92577807906946,22.999257780790693,0.29992577807906945,83.94701088476074,0
13,89,377.1810664276041,279.3112817025893,22.793112817025893,0.27931128170258934,74.17655647931909,0
13,90,448.59715749027635,236.10024400502644,22.361002440050264,0.23610024400502644,88.25275453817302,0
13,91,673.3050630461744,464.7353663914311,24.64735366391431,0.4647353663914311,88.65670136902682,1
13,92,765.1769792082127,481.13501788307116,24.81135017883071,0.48113501788307117,81.62815935079547,1
13,93,777.5047146592141,564.8994472974977,25.648994472974977,0.5648994472974976,98.93456373613103,1
13,94,672.3639755840288,467.0764706724098,24.6707647067241,0.4670764706724098,80.26205668804859,1
13,95,629.3384216830513,392.2473032768842,23.922473032768842,0.39224730327688423,87.82272329411258,1
13,96,389.2544227409619,287.9405631336796,22.879405631336795,0.28794056313367955,97.29414096977818,0
13,97,351.7765301469385,247.56895392609022,22.4756895392609,0.2475689539260902,79.70660034804618,0
13,98,442.24335771023107,240.3913420487769,22.40391342048777,0.24039134204877688,96.65394019163286,0
13,99,399.0518351416489,316.59054977875655,23.165905497787566,0.31659054977875656,97.32858587964046,1
13,100,450.9215215163907,332.6798831216317,23.326798831216315,0.3326798831216317,92.03014381019283,1
13,101,437.7924396607102,222.1803588005477,22.22180358800548,0.2221803588005477,80.63540613420926,0
13,102,366.4490376967926,235.82660249922355,22.358266024992236,0.23582660249922355,93.62088111293659,0
13,103,348.3495570061434,212.78410689204796,22.12784106892048,0.21278410689204796,97.04013976044146,0
13,104,522.4454199030532,396.41088680162045,23.964108868016204,0.39641088680162045,80.02504286655663,1
13,105,539.9601440411327,426.4793804782643,24.26479380478264,0.42647938047826434,77.38396312003073,1
13,106,545.0591086939068,316.3972643891543,23.163972643891544,0.31639726438915433,73.44266146699442,1
13,107,566.7420419659398,309.7354809698614,23.097354809698615,0.30973548096986137,92.87188115125372,1
13,108,360.76089427618916,242.1194319316259,22.42119431931626,0.2421194319316259,70.8965576583871,0
13,109,440.72229417665847,317.0065835640963,23.170065835640962,0.3170065835640963,88.51949520308361,1
13,110,369.3398725978742,232.31934292337098,22.32319342923371,0.23231934292337098,73.30693125308945,0
13,111,445.17655544345445,353.36693870597657,23.533669387059767,0.3533669387059766,82.72935720488695,1
13,112,334.2413710420081,253.26969416745195,22.53269694167452,0.25326969416745193,99.56137642756093,0
13,113,412.7807447583333,274.2655120986537,22.742655120986537,0.2742655120986537,77.77323530131851,0
13,114,415.96985063200736,252.50843787575647,22.525084378757565,0.2525084378757565,85.22490400400726,0
13,115,739.4028479809679,370.7967382729051,23.707967382729052,0.3707967382729051,78.00477152784153,1
13,116,633.0265186256242,503.3059182286106,25.033059182286106,0.5033059182286106,83.88536943002288,1
13,117,700.0185138930499,445.6128116763907,24.456128116763907,0.4456128116763907,99.09520876033623,1
13,118,647.379262224574,376.6124221476442,23.766124221476442,0.37661242214764423,84.56981112081304,1
13,119,775.0729718281884,531.7108995751971,25.317108995751973,0.5317108995751971,85.00197810542497,1
13,120,413.51412276624654,324.6540343424667,23.246540343424666,0.32465403434246665,85.25580232489474,1
13,121,419.57112205766987,316.8868564444827,23.16886856444483,0.3168868564444827,83.45850959266227,1
13,122,373.5778352270636,232.4479710711917,22.324479710711916,0.2324479710711917,89.24879314378937,0
13,123,364.14212333102756,219.20270910640187,22.19202709106402,0.21920270910640188,70.14294037386459,0
13,124,399.8698203965837,301.24154210725726,23.01241542107257,0.3012415421072573,75.37560822350073,1
13,125,431.39994773164517,311.2753500395954,23.112753500395954,0.31127535003959544,91.59674989688389,1
13,126,357.2005922653304,205.19601194407187,22.051960119440718,0.20519601194407186,80.41713138227725,0
13,127,453.1989325538726,244.383805584797,22.44383805584797,0.244383805584797,90.01726563578822,0
13,128,551.1717119086833,308.8658729605558,23.08865872960556,0.3088658729605558,77.95569596172184,1
13,129,515.4451032859845,305.88943657668244,23.058894365766825,0.30588943657668244,94.59640598366605,1
13,130,562.7429988807038,380.0318384426044,23.800318384426042,0.3800318384426044,96.87458550468142,1
13,131,546.6373483220885,338.0856112194578,23.38085611219458,0.3380856112194578,85.47774108335618,1
13,132,392.93622119124933,255.43539482117632,22.554353948211762,0.25543539482117633,76.96911989733233,0
13,133,356.2924030283611,261.8926649417742,22.61892664941774,0.2618926649417742,77.05383244719799,0
13,134,441.28140675571495,232.95732702153518,22.329573270215352,0.23295732702153518,97.89405556568816,0
13,135,349.23586984777796,215.52356196258572,22.155235619625856,0.2155235619625857,85.4104700138157,0
13,136,408.14388705813514,301.3184757110009,23.013184757110007,0.3013184757110009,89.95049627898028,1
13,137,395.29219797108357,298.13396777054123,22.981339677705414,0.29813396777054124,78.95493504152218,0
13,138,339.10494612564776,241.29563901082653,22.412956390108263,0.24129563901082654,98.33971226474151,0
13,139,622.0587311946396,435.3344184473668,24.353344184473666,0.43533441844736676,97.17783637918284,1
13,140,622.7841343932762,393.23093564450505,23.93230935644505,0.39323093564450506,98.43638003092046,1
13,141,677.8399204418516,404.83217621486517,24.048321762148653,0.40483217621486517,90.12179355933912,1
13,142,621.6850718893589,420.04736185378704,24.20047361853787,0.42004736185378705,96.40884856143174,1
13,143,706.7279973088569,445.7190653646707,24.457190653646705,0.4457190653646707,96.58684432117406,1
13,144,451.4334719543692,276.4577526224336,22.764577526224336,0.2764577526224336,83.66085589589304,0
13,145,443.95377605868504,351.19934796000405,23.51199347960004,0.35119934796000407,91.99097300003551,1
13,146,357.8361408103199,207.04841737386712,22.07048417373867,0.20704841737386712,79.88115867050678,0
13,147,374.80349529204767,210.39662442849107,22.103966244284912,0.21039662442849105,74.13598815730283,0
13,148,367.4502099634989,189.11274760673606,21.89112747606736,0.18911274760673608,90.7003118064174,0
13,149,341.65002055789756,265.0791264319548,22.650791264319547,0.2650791264319548,76.2104323176658,0
13,150,361.08450864578174,260.76288262521035,22.607628826252103,0.26076288262521036,82.20667950835963,0
13,151,385.69277645424603,237.02920746000285,22.37029207460003,0.23702920746000286,98.55835222189802,0
13,152,524.6093113936379,356.4150731348006,23.564150731348008,0.3564150731348006,73.60812706767518,1
13,153,538.5576939341503,335.59459335541555,23.355945933554157,0.3355945933554155,90.84357348565437,1
13,154,509.8258904765292,371.6813318195445,23.716813318195445,0.3716813318195445,83.92121932353918,1
13,155,499.2945479619163,335.1861683267772,23.35186168326777,0.33518616832677717,92.25516644945138,1
13,156,348.49659523213296,220.2138384280917,22.202138384280918,0.2202138384280917,90.08483328419595,0
13,157,386.13397265316013,298.66554974487855,22.986655497448787,0.2986655497448785,82.07904323180298,0
13,158,350.5746566582323,221.41174121883063,22.21411741218831,0.22141174121883062,76.80516126533745,0
13,159,425.63948904803743,337.62614505683996,23.3762614505684,0.33762614505683997,75.6151411913654,1
13,160,443.24147472162826,253.83619034986825,22.538361903498682,0.25383619034986826,79.95719308749675,0
13,161,402.35077162755715,276.51643502986326,22.765164350298633,0.2765164350298633,99.7345204540472,0
13,162,360.38516744862676,260.6027807844637,22.606027807844637,0.2606027807844637,75.54107281769902,0
13,163,697.679141041081,541.4406720296178,25.414406720296178,0.5414406720296178,83.68731877654216,1
13,164,668.4296840332831,525.4395358196681,25.254395358196682,0.5254395358196681,78.86385986147648,1
13,165,826.815347739469,501.19002810812316,25.011900281081232,0.5011900281081232,70.18130371592598,1
13,166,821.3302310975853,656.201031525954,26.562010315259542,0.656201031525954,89.83478264570745,1
13,167,693.3694118244159,505.8291252971382,25.058291252971383,0.5058291252971382,98.95247001525368,1
14,0,191.724359189907,108.21837633707665,21.082183763370768,0.10821837633707665,94.63469281509093,0
14,1,213.01802361658022,169.2912095670948,21.69291209567095,0.16929120956709479,79.28960881163584,0
14,2,206.2973138194479,125.21666455753889,21.25216664557539,0.12521666455753888,88.46314465977633,0
14,3,187.1099238223902,98.902463612598,20.98902463612598,0.098902463612598,98.35646799759954,0
14,4,227.66871133240426,159.15151613965747,21.591515161396575,0.15915151613965747,88.23658479664061,0
14,5,232.8733159978304,176.574282606546,21.76574282606546,0.176574282606546,77.60787200109843,0
14,6,204.14051897096732,132.532506911819,21.32532506911819,0.132532506911819,89.23434686827147,0
14,7,224.23163712573427,157.18451442901693,21.57184514429017,0.15718451442901693,77.40906647930503,0
14,8,284.0345906723932,156.81056371832744,21.568105637183276,0.15681056371832744,87.37774861028485,0
14,9,305.89174672090996,243.37145016746072,22.433714501674608,0.24337145016746073,93.81779033882844,0
14,10,299.29535125534835,190.9189046517503,21.909189046517504,0.1909189046517503,75.85490123176301,0
14,11,279.1207741054589,201.41120592916516,22.01411205929165,0.20141120592916517,91.28006096013361,0
14,12,219.19310576078436,166.4989700170675,21.664989700170675,0.1664989700170675,71.30148845817239,0
14,13,186.97348193033275,135.43942580711328,21.35439425807113,0.13543942580711327,81.5737113255924,0
14,14,177.75299501595285,114.38781000675633,21.143878100067564,0.11438781000675632,80.01184221870872,0
14,15,176.19945301776366,89.48640760455059,20.894864076045504,0.0894864076045506,70.1322116865618,0
14,16,225.63000186627664,167.43109374742616,21.67431093747426,0.16743109374742615,98.27082170328036,0
14,17,238.46510080409962,164.31888525798772,21.643188852579875,0.1643188852579877,71.49354883746662,0
14,18,204.06351837519713,110.0334275947405,21.100334275947404,0.1100334275947405,97.34514875489855,0
14,19,371.62939104833015,199.71948404169052,21.997194840416906,0.19971948404169051,85.82890720257313,0
14,20,366.66864433740653,254.02420650170637,22.540242065017065,0.2540242065017064,80.05789709302665,0
14,21,387.77186533630453,198.0224555979505,21.980224555979504,0.1980224555979505,90.21556700695336,0
14,22,386.3706217602384,223.6899204601751,22.23689920460175,0.2236899204601751,90.83287471894975,0
14,23,381.7502852394043,201.43728508430556,22.014372850843056,0.20143728508430556,85.4735438228584,0
14,24,186.81931619727342,134.17783044745997,21.341778304474598,0.13417783044745996,83.78076477461767,0
14,25,189.9611244871768,99.62719706678106,20.99627197066781,0.09962719706678107,76.60965651591809,0
14,26,237.83602095743063,140.17535161787075,21.401753516178708,0.14017535161787076,94.74938810657316,0
14,27,183.3169878210068,111.01021391364108,21.110102139136412,0.11101021391364108,99.677908734739,0
14,28,184.08331632983868,138.28906056760525,21.382890605676053,0.13828906056760526,94.64851558052219,0
14,29,200.32497148643017,120.87565702975704,21.20875657029757,0.12087565702975704,76.38911572853848,0
14,30,234.87456134125435,164.4260393589069,21.644260393589068,0.1644260393589069,77.3179593962763,0
14,31,230.6592361044278,184.5068886496537,21.845068886496538,0.1845068886496537,89.66472326570614,0
14,32,302.5696166658996,233.2393564395645,22.332393564395645,0.23323935643956448,86.86744151769572,0
14,33,270.47840764422443,171.37538087611838,21.713753808761183,0.1713753808761184,89.62211553988669,0
14,34,302.81285793767256,158.35131245103034,21.583513124510304,0.15835131245103035,96.70749895134098,0
14,35,287.0699003411907,199.4369542856166,21.994369542856166,0.19943695428561659,82.58338757079338,0
14,36,195.64637349840663,135.75611999836414,21.357561199983643,0.13575611999836415,92.36963005814361,0
14,37,240.17382963088608,174.0566151071106,21.740566151071107,0.1740566151071106,71.31970271556972,0
14,38,191.2388336826074,127.50385324796115,21.275038532479613,0.12750385324796115,83.18186911338466,0
14,39,207.6327649641404,129.65648036583005,21.2965648036583,0.12965648036583005,73.92239014170755,0
14,40,202.6139382497722,126.74048318051685,21.26740483180517,0.12674048318051684,80.46552631474407,0
14,41,202.10479024026932,106.0359149610541,21.06035914961054,0.1060359149610541,70.358959979273,0
14,42,239.57860669671282,181.52201473022106,21.81522014730221,0.18152201473022106,81.29900516402688,0
14,43,340.82266155153565,210.68635071061777,22.106863507106176,0.21068635071061778,82.97787936696497,0
14,44,357.61390517703205,197.61586505367774,21.976158650536778,0.19761586505367773,98.43147168140858,0
14,45,333.8237370114115,253.25513373173263,22.532551337317326,0.25325513373173264,84.17080773155267,0
14,46,345.0996659541303,264.7289925635628,22.64728992563563,0.2647289925635628,72.35920725914585,0
14,47,331.20380855360213,194.15735754299257,21.941573575429924,0.19415735754299257,83.5870455229886,0
14,48,221.7555362528582,168.565507217301,21.68565507217301,0.16856550721730099,74.54393633453883,0
14,49,193.93937265289236,119.3377646191187,21.193377646191188,0.1193377646191187,96.23826905315403,0
14,50,204.74804142539324,116.44930444109112,21.16449304441091,0.11644930444109111,84.95699543614562,0
14,51,201.6271735761665,137.43032032757992,21.3743032032758,0.13743032032757993,96.44708445282562,0
14,52,177.61838596941857,97.47232156870845,20.974723215687085,0.09747232156870846,77.57658350412309,0
14,53,191.89055550522718,121.64787824319883,21.216478782431988,0.12164787824319884,76.39635961456416,0
14,54,216.6857138779709,152.28695625621646,21.522869562562164,0.15228695625621647,80.85040082140895,0
14,55,188.54668305574532,145.19156069544323,21.451915606954433,0.14519156069544323,90.8518311627395,0
14,56,292.34900899976265,159.94617406782365,21.599461740678237,0.15994617406782366,98.08946652348334,0
14,57,271.7653903302013,197.31235147200871,21.973123514720086,0.1973123514720087,80.08601018151934,0
14,58,294.7021293160103,169.5698263324152,21.695698263324154,0.1695698263324152,96.6922816223766,0
14,59,270.52516461354327,195.48120270804048,21.954812027080404,0.19548120270804048,95.580573322525,0
14,60,230.74360245544165,135.7748957460134,21.357748957460135,0.13577489574601342,70.6019859726906,0
14,61,195.86890339930258,141.80711807761998,21.4180711807762,0.14180711807761998,79.87576714116679,0
14,62,208.49941502515222,152.2492090233921,21.52249209023392,0.1522492090233921,75.14786758667636,0
14,63,218.81889219491543,170.42461166974056,21.704246116697405,0.17042461166974054,93.5666272662929,0
14,64,191.8459322385496,101.3499158855782,21.013499158855783,0.10134991588557819,89.14558169212637,0
14,65,234.9852671408876,153.85386180163582,21.538538618016357,0.15385386180163582,90.38890994134829,0
14,66,214.518039226877,115.09422815850907,21.150942281585092,0.11509422815850907,74.28641964192992,0
14,67,398.82473579176906,316.90558258519064,23.169055825851906,0.31690558258519064,83.44180419022001,1
14,68,381.64159713284124,274.2376035608435,22.742376035608437,0.27423760356084353,90.93475275961515,0
14,69,409.05436127254666,320.01664489995807,23.200166448999582,0.32001664489995807,91.44645114559306,1
14,70,386.7042163209468,248.23226302363173,22.482322630236318,0.24823226302363174,86.31505789334383,0
14,71,337.7962094785818,250.80591617063888,22.508059161706388,0.25080591617063885,74.4099941194897,0
14,72,228.1715027590919,176.32013677584914,21.76320136775849,0.17632013677584912,74.58519023120438,0
14,73,179.6803617447399,125.3193100882174,21.253193100882175,0.1253193100882174,82.78028815295093,0
14,74,210.70854417818657,141.30112230392575,21.41301122303926,0.14130112230392575,70.85753447335293,0
14,75,225.33128734054446,165.94863563471839,21.659486356347184,0.16594863563471837,82.06475736929389,0
14,76,180.63090986766633,113.56796424830951,21.135679642483094,0.1135679642483095,89.60860570483001,0
14,77,179.81188396710417,112.46234176784758,21.124623417678475,0.11246234176784757,79.82641024249094,0
14,78,232.67946037987133,164.29775191216473,21.642977519121647,0.16429775191216472,86.12446324028963,0
14,79,186.61971713783197,105.7388750112866,21.057388750112867,0.10573887501128659,87.70917948705143,0
14,80,273.0876352790423,167.06261449063228,21.670626144906322,0.16706261449063228,86.67815581163472,0
14,81,285.04748921695983,171.34977560384374,21.713497756038436,0.17134977560384373,91.06587017552188,0
14,82,267.52777463096436,147.87777873562243,21.478777787356226,0.14787777873562244,82.81235152650484,0
14,83,264.9006843505187,152.37079565434155,21.523707956543415,0.15237079565434156,92.43439788532272,0
14,84,233.95819845226805,133.5577398523,21.335577398523,0.1335577398523,71.34912042666954,0
14,85,227.94568884949837,140.60941133488012,21.4060941133488,0.1406094113348801,78.06292532362818,0
14,86,182.14486000633002,93.16085547114886,20.931608554711488,0.09316085547114886,73.7551542159696,0
14,87,190.29925563326157,127.77483280976865,21.277748328097687,0.12777483280976865,88.64248478117692,0
14,88,227.59260483652216,171.55957480732306,21.71559574807323,0.17155957480732306,90.71476146283224,0
14,89,239.46313516568375,152.0236632311781,21.520236632311782,0.15202366323117808,93.52241868853575,0
14,90,230.55031074419938,133.0478035404158,21.33047803540416,0.1330478035404158,88.4270016927008,0
14,91,343.4015358114049,248.24437752480767,22.482443775248075,0.24824437752480769,84.61584636717926,0
14,92,331.6432570262051,256.0536730735616,22.560536730735617,0.2560536730735616,95.0934051428902,0
14,93,391.2842221920992,198.99458424895266,21.989945842489526,0.19899458424895267,87.17272629958048,0
14,94,393.1917509971632,311.2797236326162,23.112797236326163,0.3112797236326162,75.15043761040478,1
14,95,368.5658376393271,252.43148858879565,22.524314885887957,0.25243148858879566,80.75416862659587,0
14,96,208.03834767604747,141.9045871493376,21.419045871493378,0.1419045871493376,74.8370185400572,0
14,97,220.79997219713138,113.98903934793614,21.139890393479362,0.11398903934793614,81.60310870257585,0
14,98,197.15612150851283,107.3142806018309,21.07314280601831,0.1073142806018309,85.85416082820143,0
14,99,219.44581205599636,114.39539917292487,21.143953991729248,0.11439539917292486,95.35798600039867,0
14,100,219.3849862035084,136.74895707537715,21.367489570753772,0.13674895707537715,84.13157136730867,0
14,101,239.79516354690122,173.6343776755474,21.736343776755476,0.1736343776755474,82.1682758798726,0
14,102,201.9382700540885,133.56652771647288,21.33566527716473,0.13356652771647287,98.01199812617712,0
14,103,194.08745440313945,134.54563900074322,21.34545639000743,0.13454563900074323,83.21681661074514,0
14,104,297.1366809238452,221.71602269654872,22.217160226965486,0.22171602269654872,79.14333734769414,0
14,105,306.93130030474913,161.91258479144275,21.61912584791443,0.16191258479144274,97.79551584246384,0
14,106,292.81976596783426,191.72495497588932,21.917249549758893,0.19172495497588932,79.75803799703597,0
14,107,302.3597611659661,180.07975787474362,21.800797578747435,0.18007975787474362,95.95708931140567,0
14,108,211.44595709101364,154.1583980926684,21.541583980926685,0.1541583980926684,89.7785277166773,0
14,109,212.36696412200328,156.71491716987825,21.567149171698784,0.15671491716987826,79.16665417437237,0
14,110,231.182395651598,123.25784964308922,21.232578496430893,0.12325784964308921,89.80137374288482,0
14,111,214.47442717821056,115.83510268465454,21.158351026846546,0.11583510268465455,76.97102048092276,0
14,112,198.15710222616724,125.96733314261458,21.259673331426146,0.12596733314261457,90.42562317992859,0
14,113,183.29196769309388,129.54448660707345,21.295444866070735,0.12954448660707346,76.96724933393219,0
14,114,217.70118516618444,143.06339497167025,21.430633949716704,0.14306339497167025,92.48337090198473,0
14,115,389.4533119359636,223.8244696116827,22.238244696116826,0.2238244696116827,92.77610556798437,0
14,116,388.2233466162672,254.53505193186575,22.545350519318657,0.25453505193186576,84.61468101199672,0
14,117,387.1654473277489,194.35269047348808,21.94352690473488,0.19435269047348808,79.81445583454897,0
14,118,418.2229251936906,256.8904478501333,22.56890447850133,0.25689044785013326,74.52175742940202,0
14,119,368.644941167157,204.0007567856553,22.040007567856552,0.20400075678565532,71.27919625839199,0
14,120,211.09709494128947,130.7012377389874,21.307012377389874,0.1307012377389874,84.05265163456697,0
14,121,182.5412645972642,135.8165026630592,21.35816502663059,0.1358165026630592,99.8254767520346,0
14,122,177.58013815506914,136.84585265541946,21.368458526554196,0.13684585265541946,98.63034784070896,0
14,123,235.69634120389236,166.87966503225525,21.66879665032255,0.16687966503225524,85.68508158145461,0
14,124,211.72331609405413,168.4246133899462,21.68424613389946,0.1684246133899462,72.10962859664897,0
14,125,230.13077515462686,162.05389003341867,21.620538900334186,0.16205389003341866,91.00120413496488,0
14,126,219.96320876198223,113.61196536536666,21.136119653653665,0.11361196536536666,80.8177861258209,0
14,127,214.910602130118,154.83027673662585,21.54830276736626,0.15483027673662586,93.77889487675839,0
14,128,272.4301766054097,214.02440855870603,22.14024408558706,0.21402440855870603,92.93212651737359,0
14,129,292.9417900741175,166.57927735576527,21.66579277355765,0.16657927735576528,83.91554600748253,0
14,130,282.2864980550938,205.01649996172716,22.050164999617273,0.20501649996172716,98.07889741740989,0
14,131,279.8190405379538,152.49062836918486,21.52490628369185,0.15249062836918487,80.95524192795106,0
14,132,189.0235020470529,106.44986120502404,21.06449861205024,0.10644986120502403,79.13372881977895,0
14,133,190.33367477943423,129.15744244539025,21.291574424453902,0.12915744244539024,94.42365890663595,0
14,134,214.4865701072428,145.64650403677655,21.456465040367764,0.14564650403677654,93.82710450813744,0
14,135,200.5524693846944,154.27550797986967,21.542755079798695,0.15427550797986966,74.64367104266938,0
14,136,188.69422579490436,112.06886342847251,21.120688634284726,0.11206886342847251,70.48151824305182,0
14,137,186.56083524287183,131.42443191057657,21.314244319105764,0.13142443191057657,93.43951863070481,0
14,138,226.53895480688664,117.71505275745692,21.177150527574568,0.11771505275745692,81.31654379255257,0
14,139,330.00240313965276,232.41848853435397,22.32418488534354,0.23241848853435396,79.92656378240896,0
14,140,428.8999975421343,274.6289005708416,22.746289005708416,0.2746289005708416,79.65196997691226,0
14,141,373.22795754921543,196.91097014008477,21.969109701400846,0.19691097014008477,75.65842628407556,0
14,142,419.14505046301485,282.3567203621464,22.823567203621465,0.28235672036214643,88.11320242238078,0
14,143,389.79018938273293,202.12105276200006,22.02121052762,0.20212105276200007,91.55326257440326,0
14,144,177.21211732594767,89.5980652826985,20.895980652826985,0.0895980652826985,71.36109059074617,0
14,145,231.2585515729286,118.16146247156894,21.18161462471569,0.11816146247156895,95.22531035107247,0
14,146,203.08707944267033,103.69735097019648,21.036973509701966,0.10369735097019649,80.49036391024268,0
14,147,236.0858729632,150.55226904601292,21.50552269046013,0.15055226904601293,80.76905431493977,0
14,148,187.67528035678893,101.84207521551663,21.018420752155166,0.10184207521551664,98.58933801775453,0
14,149,192.12305730513927,144.99469892632192,21.449946989263218,0.1449946989263219,95.03519356841784,0
14,150,236.44533166206287,125.17130101442932,21.251713010144293,0.12517130101442933,91.66691511020636,0
14,151,236.87054313206175,175.17375499708564,21.751737549970855,0.17517375499708565,71.54468401328505,0
14,152,283.6080650801069,163.0977635504757,21.630977635504756,0.1630977635504757,75.5240099209652,0
14,153,272.94427871728203,213.1680143930418,22.131680143930417,0.2131680143930418,81.36703734441757,0
14,154,278.56323693722305,157.56294963793803,21.57562949637938,0.15756294963793804,76.16220940715328,0
14,155,277.3085186235667,205.57431741666872,22.055743174166686,0.2055743174166687,92.22014349116508,0
14,156,206.18302224023614,162.85755935108568,21.628575593510856,0.16285755935108567,96.97559819739368,0
14,157,239.53751405564142,142.18676598166718,21.421867659816673,0.14218676598166718,99.1353491211245,0
14,158,195.03162218375257,110.20701660338679,21.10207016603387,0.11020701660338679,86.86735729618987,0
14,159,178.69149743509803,134.77003869447435,21.347700386944744,0.13477003869447435,85.88656854442861,0
14,160,200.1653125347953,159.18630541909752,21.591863054190974,0.15918630541909753,86.83147938504803,0
14,161,214.78855017501402,124.062365196224,21.24062365196224,0.12406236519622399,84.51608703783934,0
14,162,240.3637421211205,139.87560468404268,21.398756046840425,0.1398756046840427,86.49831359871803,0
14,163,347.1407624354768,220.8988920925873,22.208988920925872,0.22089889209258728,91.61093132370512,0
14,164,340.81976301076514,233.9091300925442,22.339091300925443,0.2339091300925442,76.7011515591591,0
14,165,358.6160704102191,247.85859523336205,22.47858595233362,0.24785859523336204,99.90551812909601,0
14,166,350.66478943486493,221.51089258115312,22.21510892581153,0.2215108925811531,91.23279539259963,0
14,167,428.25721000361057,261.1252727138341,22.611252727138343,0.26112527271383407,82.24749828705434,0
15,0,273.4340108724532,166.8712916220295,21.668712916220294,0.16687129162202952,78.70121907510453,0
15,1,316.7219043303654,179.1348680834008,21.79134868083401,0.1791348680834008,97.08356901227181,0
15,2,290.5324769945862,178.86723450669837,21.788672345066985,0.17886723450669836,70.01253151016009,0
15,3,324.31835384602044,229.3003828150164,22.293003828150162,0.2293003828150164,79.95365570605577,0
15,4,292.72217423113557,187.11592399416395,21.87115923994164,0.18711592399416396,92.06109717810877,0
15,5,314.5439137824343,160.95391588816955,21.609539158881695,0.16095391588816954,76.16921028513694,0
15,6,350.21220874850945,258.1797277456738,22.581797277456737,0.2581797277456738,84.11897358398416,0
15,7,346.45716666690015,220.80795642675258,22.208079564267525,0.22080795642675258,91.09876853903619,0
15,8,400.27930935323536,315.46250739974636,23.154625073997465,0.31546250739974635,89.33234794583207,1
15,9,419.62772620800473,278.3408931606346,22.783408931606346,0.2783408931606346,82.41370861438709,0
15,10,400.58487236947065,269.80383857894094,22.69803838578941,0.2698038385789409,81.41044037628434,0
15,11,412.62994910938943,316.3041071105135,23.163041071105134,0.3163041071105135,70.3896024989983,1
15,12,324.11434967812977,188.62541878351638,21.886254187835164,0.18862541878351638,94.61729611225937,0
15,13,289.9899737736594,185.53465207333468,21.855346520733345,0.1855346520733347,80.88654045142128,0
15,14,309.23199845115096,180.5672670782089,21.80567267078209,0.18056726707820892,95.86160221045924,0
15,15,337.6992096002016,254.6499354965207,22.546499354965206,0.2546499354965207,82.58529388104625,0
15,16,302.0799362403016,223.98869171295078,22.239886917129507,0.22398869171295077,87.16997175275773,0
15,17,302.56112778062374,178.13029503014582,21.78130295030146,0.17813029503014582,97.97405233825818,0
15,18,349.0217628944814,259.10632335933343,22.591063233593335,0.2591063233593334,76.7357392396091,0
15,19,486.4010126446573,359.8878183360524,23.598878183360526,0.35988781833605243,98.17168062454272,1
15,20,596.4236738927893,440.3667665494243,24.403667665494243,0.4403667665494243,94.47738590447173,1
15,21,583.586986998772,333.8741704606987,23.33874170460699,0.33387417046069867,70.33044267681578,1
15,22,643.6764386223263,350.43702130143197,23.50437021301432,0.35043702130143195,76.40630768975045,1
15,23,554.9876188500831,353.6619943322971,23.53661994332297,0.3536619943322971,86.7795035153944,1
15,24,261.56895663669866,165.7111178374849,21.657111178374848,0.16571111783748488,87.94589656899574,0
15,25,268.50466374988605,148.88994156029182,21.48889941560292,0.1488899415602918,81.46489112348681,0
15,26,300.4590282832245,158.8481330793963,21.588481330793964,0.1588481330793963,74.58152430700578,0
15,27,270.41788597185615,154.9661099993016,21.549661099993017,0.1549661099993016,78.1041586451599,0
15,28,335.59528982765806,174.20088849583246,21.742008884958324,0.17420088849583246,92.15301021049943,0
15,29,307.5178870319172,166.2119310295354,21.662119310295353,0.1662119310295354,93.27449230592414,0
15,30,317.6855771470894,164.88081530189507,21.64880815301895,0.16488081530189508,95.07760525248423,0
15,31,335.13229323984945,186.354850365767,21.863548503657668,0.186354850365767,99.2082507014141,0
15,32,420.27596412029845,324.9769517639513,23.249769517639514,0.3249769517639513,77.43258932235312,1
15,33,400.9682911813677,246.47697842005115,22.464769784200513,0.24647697842005115,74.46513147405678,0
15,34,388.1850914748618,215.70616501833845,22.157061650183383,0.21570616501833845,94.04190358748819,0
15,35,441.6017275028837,243.43015387934958,22.434301538793495,0.24343015387934958,73.53005596268991,0
15,36,260.1458915395587,138.35350305635166,21.383535030563518,0.13835350305635166,98.2183347614731,0
15,37,269.5861932764788,201.69334328759896,22.01693343287599,0.20169334328759897,92.10440571524232,0
15,38,334.5877498736634,249.64378044732103,22.49643780447321,0.24964378044732102,70.35251315057391,0
15,39,278.60244822152765,174.71671506964745,21.747167150696473,0.17471671506964745,90.48951908516011,0
15,40,331.50446520483166,174.32668999294617,21.743266899929463,0.17432668999294618,75.03301182136741,0
15,41,291.1890865695588,209.55862608994812,22.09558626089948,0.20955862608994813,93.29068556439218,0
15,42,336.0998858430969,235.83473770508547,22.358347377050855,0.23583473770508548,84.67717288319301,0
15,43,612.3227405502158,355.9405293529805,23.559405293529807,0.3559405293529805,99.25857614869771,1
15,44,499.2263961945793,380.1276830111992,23.80127683011199,0.3801276830111992,88.62117938031012,1
15,45,583.3543676306091,428.1118656353835,24.281118656353833,0.4281118656353835,90.44375656179545,1
15,46,525.8089907768599,281.32877605848284,22.813287760584828,0.28132877605848283,91.70992506903396,0
15,47,535.8212180510673,403.81031421307154,24.038103142130716,0.4038103142130715,89.83838117136114,1
15,48,325.17881072247206,170.05267236892655,21.700526723689265,0.17005267236892654,96.85798647276224,0
15,49,313.335971142665,180.9346418235993,21.809346418235993,0.18093464182359928,78.0231125870093,0
15,50,287.77256976592423,223.14121280882398,22.23141212808824,0.22314121280882399,94.21435927732578,0
15,51,353.2710955727712,196.23607546089127,21.962360754608913,0.19623607546089128,84.66116298615695,0
15,52,269.7843982989044,145.54205748303548,21.455420574830356,0.14554205748303548,95.08253271852853,0
15,53,292.4955934230349,174.79593790066215,21.747959379006623,0.17479593790066214,91.1630717540942,0
15,54,285.5962907446406,171.97859841677865,21.719785984167785,0.17197859841677865,73.11071060333492,0
15,55,307.9181119773827,186.47345570899697,21.86473455708997,0.18647345570899695,90.68687314939346,0
15,56,432.0034216892651,276.7895546175722,22.767895546175723,0.2767895546175722,81.86864874726733,0
15,57,401.2135028964419,250.09947923518644,22.500994792351865,0.25009947923518644,94.8588493056328,0
15,58,388.37404483621555,249.48240162594172,22.494824016259418,0.2494824016259417,71.50743058646229,0
15,59,421.4659259140159,259.5336538928895,22.595336538928894,0.2595336538928895,89.1803765368719,0
15,60,334.0829445395529,250.7907024300661,22.50790702430066,0.25079070243006607,80.7382620406416,0
15,61,271.00870992535874,193.6606653477146,21.936606653477146,0.1936606653477146,78.40143466270348,0
15,62,280.85729241862117,201.83313552289323,22.01833135522893,0.20183313552289323,98.26766650440909,0
15,63,286.8839385082239,145.55742891266337,21.455574289126634,0.14555742891266338,83.7350776553541,0
15,64,328.5722595326509,179.4507287072782,21.794507287072783,0.17945072870727818,98.64970263572468,0
15,65,304.8298753814823,242.5352323955328,22.425352323955327,0.2425352323955328,82.00655606615179,0
15,66,306.5903977570925,158.39490362839638,21.583949036283965,0.15839490362839637,79.25734551894192,0
15,67,556.530583551067,395.59302958001825,23.955930295800183,0.39559302958001824,97.8558602995717,1
15,68,610.3294611746369,317.5732888564748,23.17573288856475,0.3175732888564748,99.6207958132966,1
15,69,558.7359596858323,357.9242233741581,23.57924223374158,0.3579242233741581,72.40253908300502,1
15,70,592.5873126515615,417.75937727635375,24.177593772763537,0.41775937727635376,86.63524237124639,1
15,71,507.5867743153013,337.73077993263945,23.377307799326395,0.33773077993263945,75.105589913264,1
15,72,264.86088109728786,187.72783394595763,21.877278339459576,0.18772783394595763,84.82715741345524,0
15,73,305.8750669831566,160.51610534304734,21.605161053430475,0.16051610534304733,80.34032013233714,0
15,74,309.906477612407,167.20722324458254,21.672072232445824,0.16720722324458254,94.94433300215576,0
15,75,348.6859185635284,204.27105218679867,22.04271052186799,0.20427105218679867,91.7894813986592,0
15,76,322.4750848757884,181.8143484513407,21.818143484513406,0.1818143484513407,81.55878598271083,0
15,77,301.8168067458334,164.86474192550645,21.648647419255063,0.16486474192550646,81.33744954998632,0
15,78,310.0452710804307,194.91995252558587,21.94919952525586,0.19491995252558586,84.4175725790884,0
15,79,263.15718724557144,197.4973736985537,21.974973736985536,0.1974973736985537,88.95223047595098,0
15,80,389.4334293580589,288.6055199935169,22.886055199935168,0.2886055199935169,91.30522855415796,0
15,81,427.6969849192939,255.2068308604705,22.552068308604703,0.25520683086047047,72.8783041480161,0
15,82,401.88755033480373,306.7157677649915,23.067157677649917,0.3067157677649915,79.0195047828557,1
15,83,423.4848077779358,302.11202093116225,23.021120209311622,0.30211202093116224,98.01054480705214,1
15,84,277.34525572214574,207.9785678999934,22.079785678999933,0.20797856789999342,73.40636176690518,0
15,85,294.2273164613828,192.04989811480218,21.92049898114802,0.19204989811480216,71.48719162969505,0
15,86,310.02729405703496,229.95858526043475,22.29958585260435,0.22995858526043475,72.74333783859677,0
15,87,296.7990959361804,194.97829525225973,21.949782952522597,0.19497829525225974,79.96509881145258,0
15,88,320.8911621946017,181.71434003274527,21.817143400327453,0.18171434003274528,78.05492679363755,0
15,89,293.4281600794674,208.88234131423476,22.088823413142347,0.20888234131423478,71.09531744278993,0
15,90,298.03282907210917,156.43314893090337,21.564331489309033,0.15643314893090338,90.15825001754459,0
15,91,628.3221071330809,463.52187304443515,24.63521873044435,0.46352187304443515,83.3769756845433,1
15,92,551.4182751583845,411.5749824956871,24.115749824956872,0.4115749824956871,94.29127263631356,1
15,93,538.6084294742936,373.03904426903637,23.730390442690364,0.3730390442690364,93.43042863691343,1
15,94,587.730203846893,467.14578887447215,24.671457888744722,0.46714578887447217,83.2646847514173,1
15,95,516.0541363389015,329.6655916385484,23.296655916385482,0.3296655916385484,71.35252055055531,1
15,96,308.8234703777401,212.2521400642846,22.122521400642846,0.21225214006428458,74.83205247765454,0
15,97,350.49214894597003,241.49271554562992,22.414927155456297,0.24149271554562993,73.98904179756923,0
15,98,306.5083215648459,178.16418035491836,21.781641803549185,0.17816418035491835,73.06308955365046,0
15,99,334.2103632907519,222.36259133443892,22.22362591334439,0.22236259133443892,89.3940471515847,0
15,100,350.0159330341811,279.74910405951675,22.79749104059517,0.27974910405951675,98.07723545486172,0
15,101,319.25650878125094,241.33952243402896,22.41339522434029,0.24133952243402895,85.47470574748138,0
15,102,302.07246980591805,202.06859340254172,22.020685934025416,0.2020685934025417,90.19374435884428,0
15,103,339.26639624549233,249.78654673105734,22.497865467310575,0.24978654673105735,88.34774692704273,0
15,104,401.07150040484936,265.69505789651737,22.656950578965173,0.2656950578965174,78.81921639293475,0
15,105,408.4900577055634,245.36942684983725,22.453694268498374,0.24536942684983726,91.02760054829521,0
15,106,449.35644623468755,335.8485740571787,23.358485740571787,0.3358485740571787,72.48600695832661,1
15,107,390.486950575381,236.2628971109887,22.362628971109885,0.2362628971109887,70.30146676015899,0
15,108,272.09231889532936,165.52305370685556,21.655230537068554,0.16552305370685555,74.20977527548986,0
15,109,291.3894278143319,225.59371855402796,22.25593718554028,0.22559371855402796,79.11635948571143,0
15,110,301.25982293593415,232.23362316514567,22.322336231651455,0.23223362316514568,98.03750793319858,0
15,111,325.1023316115549,162.67791415514023,21.626779141551403,0.16267791415514024,76.41647685205253,0
15,112,314.95523391922353,204.16199444681655,22.041619944468167,0.20416199444681654,84.97440755004854,0
15,113,285.847339209196,155.62591906526728,21.55625919065267,0.1556259190652673,99.96127762017446,0
15,114,348.0021867376987,218.38152718717498,22.18381527187175,0.218381527187175,81.07110200745255,0
15,115,618.5943133285102,391.40318070251686,23.914031807025168,0.39140318070251684,72.4252651070634,1
15,116,550.084237852109,280.5511544731437,22.805511544731438,0.2805511544731437,91.47799292034011,0
15,117,535.6594550148293,377.1969953545134,23.771969953545135,0.3771969953545134,85.66476395421662,1
15,118,581.9011831722511,407.24283754946595,24.07242837549466,0.40724283754946594,99.29803048384383,1
15,119,491.1236649317001,369.26717773544215,23.69267177735442,0.36926717773544215,82.5844505470847,1
15,120,300.1780244253499,176.26541884046898,21.76265418840469,0.17626541884046898,99.30775287018257,0
15,121,274.1255061739872,205.1290119935439,22.051290119935437,0.2051290119935439,95.56055681997739,0
15,122,310.3505143008464,234.5043686880015,22.345043686880015,0.2345043686880015,98.3755547274262,0
15,123,349.1334381972387,262.5286543129983,22.62528654312998,0.2625286543129983,88.97912174347336,0
15,124,259.9114635534956,137.6981018261307,21.376981018261308,0.1376981018261307,81.92217139633854,0
15,125,343.6898949663401,262.5566527217506,22.625566527217508,0.2625566527217506,76.25177492725956,0
15,126,295.66629901941025,185.35143514333208,21.853514351433322,0.18535143514333208,80.40793159828112,0
15,127,266.5753902466883,184.56214532838953,21.845621453283897,0.18456214532838952,98.2601029950147,0
15,128,448.49968078558413,315.4563697891073,23.154563697891074,0.31545636978910735,82.1327606482789,1
15,129,442.60097707362087,316.3157240190145,23.163157240190145,0.31631572401901453,82.03956427661396,1
15,130,445.3629253287941,226.86322800441076,22.26863228004411,0.22686322800441075,84.58069227001391,0
15,131,426.3099058250158,274.8538834378281,22.74853883437828,0.2748538834378281,94.93977497408915,0
15,132,265.40443344264776,159.35966757053376,21.59359667570534,0.15935966757053377,86.15848282820343,0
15,133,313.994805065754,194.04691286559418,21.94046912865594,0.19404691286559417,97.05591190035157,0
15,134,296.4976487121806,158.1865885586326,21.581865885586325,0.1581865885586326,86.68937631959997,0
15,135,281.7226028217327,189.5866668082413,21.895866668082412,0.1895866668082413,86.60098622163325,0
15,136,350.69920604937073,195.82812700484945,21.958281270048495,0.19582812700484944,93.81762759404761,0
15,137,347.9136592877978,238.64673408602005,22.3864673408602,0.23864673408602005,74.43008655672506,0
15,138,345.9805410059405,253.7070730757691,22.53707073075769,0.2537070730757691,80.66422358843009,0
15,139,506.02214797682433,403.82746388839837,24.038274638883983,0.40382746388839835,86.06885986974522,1
15,140,643.7660005267884,329.0823739064532,23.290823739064532,0.3290823739064532,88.28553832681861,1
15,141,571.8258723186341,386.269971736934,23.86269971736934,0.386269971736934,96.22764602879589,1
15,142,582.0788946894005,384.2436044946367,23.842436044946368,0.38424360449463674,98.80442890251734,1
15,143,541.3154973006444,307.44313866085577,23.07443138660856,0.30744313866085576,80.63914019104861,1
15,144,290.77676837508375,197.1332458830613,21.971332458830613,0.1971332458830613,83.49988698495336,0
15,145,261.33483990610586,147.79211395617045,21.477921139561705,0.14779211395617045,88.7142968883245,0
15,146,317.0616853018243,199.4965297364479,21.99496529736448,0.1994965297364479,83.13939981308762,0
15,147,323.92476287723275,221.12871428636865,22.211287142863686,0.22112871428636866,87.41383327233112,0
15,148,260.31944749585404,193.08594576109346,21.930859457610936,0.19308594576109345,87.61554367418235,0
15,149,292.3272569455841,184.12633895669853,21.841263389566986,0.18412633895669853,93.10213072378237,0
15,150,271.2689634800646,145.1833660952201,21.4518336609522,0.1451833660952201,84.04374299504562,0
15,151,300.36242563911674,233.71954431172819,22.33719544311728,0.23371954431172817,78.67208209138384,0
15,152,395.22803441029555,301.5322924372451,23.01532292437245,0.30153229243724505,93.7333939669491,1
15,153,437.91477937168634,317.2559347983797,23.172559347983796,0.3172559347983797,73.48352860985779,1
15,154,404.16224582431454,273.1272720059702,22.731272720059703,0.2731272720059702,70.96595972849221,0
15,155,431.375653598602,229.74809914043024,22.297480991404303,0.22974809914043023,94.97405871812178,0
15,156,265.05952194854825,167.63221682301915,21.676322168230193,0.16763221682301915,71.14274053166143,0
15,157,288.90040905512564,218.4323896515612,22.18432389651561,0.2184323896515612,81.40227001667098,0
15,158,259.11664382614254,130.2817735191556,21.302817735191557,0.1302817735191556,73.77342067210547,0
15,159,323.1282663229918,244.75378591941703,22.44753785919417,0.24475378591941702,98.0547980546662,0
15,160,336.6756232111193,263.11541145980385,22.63115411459804,0.2631154114598038,87.20539224937482,0
15,161,285.7609615903045,154.5132610658618,21.54513261065862,0.1545132610658618,88.34815882841544,0
15,162,350.1898820738098,267.27238934160056,22.672723893416006,0.2672723893416006,85.81825242859969,0
15,163,549.5422332180732,300.8409521826191,23.00840952182619,0.3008409521826191,96.11387055746225,1
15,164,561.8445711555584,297.47707217224814,22.974770721722482,0.29747707217224817,90.65587248824353,0
15,165,598.7608315927304,311.60903971909005,23.116090397190902,0.31160903971909004,85.55290625278502,1
15,166,542.7146353241549,322.43879682361245,23.224387968236123,0.32243879682361243,97.68095229388403,1
15,167,503.86119678017315,377.1987746835582,23.77198774683558,0.3771987746835582,75.16747823197512,1
16,0,378.54120536238116,225.28479486833982,22.2528479486834,0.22528479486833983,95.04150168819132,0
16,1,473.4763171248857,295.59013864896525,22.955901386489654,0.2955901386489653,90.48191098966478,0
16,2,436.08377728824047,290.70392992465645,22.907039299246563,0.29070392992465643,99.81764605045592,0
16,3,447.2583301634544,353.2118603924208,23.532118603924207,0.3532118603924208,89.75820662996914,1
16,4,448.0885600687168,294.5814594378443,22.945814594378444,0.29458145943784425,80.96115934173281,0
16,5,510.92478344351247,271.4280396909754,22.714280396909754,0.2714280396909754,90.80525599023105,0
16,6,437.66941462955964,309.1952968764932,23.091952968764932,0.3091952968764932,87.74608388986466,1
16,7,418.2876952374501,287.5996926504563,22.875996926504563,0.2875996926504563,93.75205767076908,0
16,8,585.0046494369435,363.0994683491219,23.630994683491217,0.3630994683491219,76.81160036148525,1
16,9,627.4183601941388,418.087877288316,24.180878772883162,0.41808787728831603,74.53831540340725,1
16,10,558.1503601385581,446.040519031115,24.46040519031115,0.446040519031115,95.80550949452322,1
16,11,563.9770065365834,349.7978134543613,23.49797813454361,0.3497978134543613,72.63526782878498,1
16,12,444.2644568551405,305.65989105404356,23.056598910540437,0.30565989105404356,75.37273029874089,1
16,13,465.32849892132356,298.9651516908489,22.989651516908488,0.2989651516908489,90.27051412743737,0
16,14,490.80110562849575,356.61499045144654,23.566149904514464,0.35661499045144657,80.66011916787946,1
16,15,443.7425486578906,260.7468410721146,22.607468410721147,0.2607468410721146,96.88459674965002,0
16,16,377.50138813189653,209.35036447810958,22.093503644781094,0.2093503644781096,76.45831299043043,0
16,17,460.37300617287144,333.8525526347695,23.338525526347695,0.3338525526347695,96.52806572411924,1
16,18,436.4939257358107,291.31640269155344,22.913164026915535,0.29131640269155346,81.49984639778594,0
16,19,754.558563131539,465.245465352696,24.65245465352696,0.465245465352696,76.35425016150239,1
16,20,780.1056472254777,611.4884376100935,26.114884376100935,0.6114884376100934,98.70544647210046,1
16,21,844.9595897537725,422.75853423314464,24.227585342331444,0.42275853423314463,83.53101916065208,1
16,22,806.3663679348488,528.8929065452428,25.28892906545243,0.5288929065452428,86.0976671057229,1
16,23,803.1714160551962,454.74040829365725,24.547404082936573,0.45474040829365725,89.3125452060048,1
16,24,470.6974484165205,260.3430562886374,22.603430562886373,0.2603430562886374,97.99075667289699,0
16,25,458.8425896713727,283.18672623136666,22.831867262313665,0.28318672623136665,83.28952426054504,0
16,26,387.98517141833946,273.8192825475022,22.73819282547502,0.2738192825475022,75.88533699313177,0
16,27,497.9831651149687,256.8473058447945,22.568473058447946,0.2568473058447945,77.16873681959989,0
16,28,478.8324872389165,335.89990657650253,23.358999065765026,0.33589990657650254,94.22322405032611,1
16,29,426.94290196486224,278.9452233134977,22.789452233134977,0.2789452233134977,91.93063886796362,0
16,30,468.9118869253518,269.3944131103934,22.693944131103933,0.26939441311039336,96.59224586000943,0
16,31,467.1749706944976,303.28893849792905,23.032889384979292,0.30328893849792904,97.76307901474956,1
16,32,617.1181296412958,398.1488022610281,23.981488022610282,0.3981488022610281,72.70261347307773,1
16,33,628.1729943449166,422.1468983743813,24.22146898374381,0.4221468983743813,77.42072909617917,1
16,34,588.8826288687675,348.69087922485664,23.486908792248567,0.34869087922485664,75.72099392798565,1
16,35,647.0003110993022,359.4685662654611,23.594685662654612,0.3594685662654611,80.4334754565244,1
16,36,458.80353723985013,245.52661141439756,22.455266114143974,0.24552661141439758,90.72435073291317,0
16,37,470.55554472150806,261.58428137715487,22.61584281377155,0.2615842813771549,93.26790850073851,0
16,38,499.66251810388695,369.65637706886156,23.696563770688616,0.36965637706886156,72.92806255575202,1
16,39,507.9728303941207,288.1616519705994,22.881616519705993,0.2881616519705994,77.7313115708946,0
16,40,437.66855294965393,247.0354057932767,22.470354057932767,0.2470354057932767,95.51126010411465,0
16,41,402.6156609682606,257.16671185520596,22.57166711855206,0.25716671185520595,96.55854867110926,0
16,42,498.6203598254846,256.2664964666225,22.562664964666226,0.25626649646662253,97.96289193658083,0
16,43,888.8249477866782,681.4429419926851,26.81442941992685,0.6814429419926851,75.14173298303112,1
16,44,878.9959575034462,486.8562883595963,24.868562883595963,0.4868562883595963,81.76359227331587,1
16,45,817.465425733837,472.25923570321515,24.722592357032152,0.47225923570321515,82.45281831876711,1
16,46,699.7966150599195,532.0481897073561,25.32048189707356,0.5320481897073561,92.27401722837837,1
16,47,698.3110067498192,460.2271983781597,24.6022719837816,0.4602271983781597,89.32165065602456,1
16,48,395.82675964095046,250.0425715849748,22.500425715849747,0.2500425715849748,76.68547201224791,0
16,49,388.60214675624894,290.5276030351258,22.90527603035126,0.2905276030351258,73.84867745385527,0
16,50,470.266931038829,260.03505069219005,22.6003505069219,0.2600350506921901,72.46695150361857,0
16,51,496.6964993669353,389.3957447985773,23.893957447985773,0.3893957447985773,98.55192262585446,1
16,52,405.4235394127508,265.62909348443264,22.65629093484433,0.26562909348443264,84.69472992023593,0
16,53,499.7116225606261,263.77429617698704,22.63774296176987,0.26377429617698706,83.7754659452839,0
16,54,441.1412668092431,329.18350539791334,23.291835053979135,0.32918350539791336,86.60257894985185,1
16,55,386.2863527036696,276.06261100135316,22.760626110013533,0.27606261100135315,76.7227582270906,0
16,56,568.910754348541,340.50522887019474,23.405052288701945,0.34050522887019474,91.67846801521945,1
16,57,580.5184298475572,454.78001626400135,24.547800162640012,0.45478001626400133,98.83379836997477,1
16,58,632.246465310346,480.76751459252154,24.807675145925216,0.48076751459252154,73.9740697902502,1
16,59,596.8986770952524,388.761368602953,23.887613686029532,0.38876136860295296,76.48722279620455,1
16,60,372.5292977121872,256.33110788772467,22.56331107887725,0.2563311078877247,85.12452171536455,0
16,61,505.8494513165423,269.16431916784046,22.691643191678406,0.26916431916784045,81.65892685484148,0
16,62,511.1522471380892,326.2871176492405,23.262871176492403,0.3262871176492405,91.63132018108568,1
16,63,473.3967542204344,286.10609518329,22.8610609518329,0.28610609518329,97.75603631652184,0
16,64,508.85733815748256,296.68331781661203,22.96683317816612,0.29668331781661206,70.37385644018786,0
16,65,475.170857536888,282.1580288961109,22.82158028896111,0.2821580288961109,79.96132195875948,0
16,66,468.3289287447739,362.0415716660387,23.620415716660386,0.3620415716660387,71.56390154692915,1
16,67,835.9252258786784,456.4364705518748,24.56436470551875,0.45643647055187475,93.65215169459154,1
16,68,809.5800732786973,639.5725182591901,26.395725182591903,0.6395725182591901,96.69904066750733,1
16,69,819.9374643840619,639.9564656727539,26.399564656727538,0.6399564656727539,80.29219988980748,1
16,70,775.8824177348796,575.7205698295647,25.757205698295646,0.5757205698295648,95.8505908705219,1
16,71,878.0329609841315,674.0877713227004,26.740877713227004,0.6740877713227004,80.65639006033201,1
16,72,445.24476326989395,332.5227108153781,23.325227108153783,0.3325227108153781,70.94230292094704,1
16,73,395.9287700296919,239.96058793486398,22.39960587934864,0.23996058793486397,75.24103343157054,0
16,74,485.0042458038023,336.346161522449,23.36346161522449,0.336346161522449,73.74840560315857,1
16,75,424.0903533551473,219.7385673928756,22.197385673928757,0.21973856739287562,78.2471088386176,0
16,76,421.3358247683184,222.44992026308347,22.224499202630835,0.22244992026308347,98.4281429959676,0
16,77,448.35202881154373,325.4811693740129,23.25481169374013,0.3254811693740129,75.10755161420082,1
16,78,404.5241985991339,214.70958794204998,22.1470958794205,0.21470958794204997,85.54405960275027,0
16,79,474.7411924163523,345.20577453347823,23.452057745334784,0.3452057745334782,90.93199969049053,1
16,80,642.285549005949,402.0380843449244,24.020380843449246,0.40203808434492444,98.71565154181306,1
16,81,636.8694702804205,475.7520113469465,24.757520113469464,0.4757520113469465,85.81315618477899,1
16,82,564.0378972200817,361.78371426696265,23.617837142669625,0.36178371426696265,99.91294842843789,1
16,83,647.8853344188659,381.7431963612385,23.817431963612385,0.3817431963612385,85.99604404339696,1
16,84,441.55838571378297,266.9876437045148,22.669876437045147,0.26698764370451483,80.96205063683452,0
16,85,461.6133898321716,360.8738849226969,23.60873884922697,0.3608738849226969,70.9831951077644,1
16,86,383.31044046858625,208.2437029435591,22.082437029435592,0.2082437029435591,87.8918943812254,0
16,87,468.2988036012662,359.6929751254364,23.596929751254365,0.3596929751254364,75.13899646833558,1
16,88,383.4948848336336,276.92610828158115,22.76926108281581,0.27692610828158115,89.515415128688,0
16,89,402.0419320740972,206.25954574523135,22.062595457452314,0.20625954574523134,70.04461017661573,0
16,90,432.22029086565556,225.8136787694137,22.258136787694138,0.22581367876941372,71.23457455832705,0
16,91,737.0663597988439,416.36863475165615,24.16368634751656,0.41636863475165614,91.37174574858474,1
16,92,914.2235870396333,553.4490997012123,25.53449099701212,0.5534490997012123,82.74285525140407,1
16,93,904.8938083052971,458.6615269644072,24.58661526964407,0.4586615269644072,73.62141651711967,1
16,94,837.6704051140985,534.2774214687178,25.34277421468718,0.5342774214687178,90.69891217507747,1
16,95,821.2880130386498,518.3740960832135,25.183740960832136,0.5183740960832135,76.94708499351901,1
16,96,447.823156831067,225.49569825413906,22.25495698254139,0.22549569825413907,97.8586592420873,0
16,97,494.53309696743895,376.6262845033232,23.766262845033232,0.3766262845033232,98.08832252570883,1
16,98,446.45020323739425,340.4211921294473,23.404211921294472,0.3404211921294473,74.20213925559354,1
16,99,381.4084194769921,289.4146395990883,22.894146395990884,0.28941463959908825,98.14853941071466,0
16,100,374.589127181456,213.7021845287792,22.13702184528779,0.2137021845287792,77.08075402539171,0
16,101,498.0259372703721,383.01139345283235,23.830113934528324,0.38301139345283236,90.40929409053804,1
16,102,373.31902172088405,270.65565376171065,22.706556537617107,0.27065565376171064,93.15221015108955,0
16,103,428.53178352370827,306.42608351611926,23.064260835161193,0.3064260835161193,92.40918837247399,1
16,104,628.4015184273089,387.86609919753147,23.878660991975316,0.38786609919753146,75.86430547072932,1
16,105,569.5283948486157,405.56608990183105,24.05566089901831,0.4055660899018311,80.74935851082729,1
16,106,593.0132623794198,327.7664368319899,23.277664368319897,0.3277664368319899,82.24661752336742,1
16,107,564.4904603990992,415.3806074691169,24.15380607469117,0.4153806074691169,87.80104793301061,1
16,108,431.8125438433545,313.75581674228005,23.1375581674228,0.31375581674228004,71.2317580724812,1
16,109,377.84495497561977,228.0234255297286,22.280234255297287,0.2280234255297286,98.14630031988776,0
16,110,509.25781401441634,293.12090618395007,22.9312090618395,0.2931209061839501,94.48668037587318,0
16,111,388.97257044235243,202.45590577221424,22.024559057722144,0.20245590577221423,97.77503147634924,0
16,112,382.7850579447611,246.42139703150787,22.46421397031508,0.24642139703150787,99.90977531916207,0
16,113,444.30949589855845,339.48181040044705,23.39481810400447,0.33948181040044706,89.098142356079,1
16,114,472.17625033784134,295.87671148843066,22.958767114884306,0.29587671148843064,77.8381635976378,0
16,115,734.1244093547883,522.5339200354213,25.225339200354213,0.5225339200354212,83.37299241568455,1
16,116,748.3761894860068,587.5649506823046,25.875649506823045,0.5875649506823046,84.64454783867019,1
16,117,907.8640526509784,583.332017270993,25.83332017270993,0.583332017270993,95.9795365698214,1
16,118,892.734254870661,452.13451265178446,24.521345126517843,0.45213451265178445,90.77632656678195,1
16,119,823.3205383287512,469.92160209616503,24.69921602096165,0.469921602096165,74.74084164997313,1
16,120,403.1893509828992,271.1691038451265,22.711691038451264,0.2711691038451265,72.4516036407195,0
16,121,447.92153712287444,237.94498640366473,22.379449864036648,0.23794498640366474,79.87718947827692,0
16,122,421.7869874555333,329.83178087999653,23.298317808799965,0.32983178087999654,78.18765133994428,1
16,123,510.31299923863565,383.8738565079873,23.838738565079872,0.3838738565079873,79.29477809590793,1
16,124,431.78093133209904,326.32782898610617,23.263278289861063,0.3263278289861062,90.51549397681062,1
16,125,425.95627057671317,275.1193999422326,22.751193999422327,0.27511939994223256,98.68382296263769,0
16,126,376.91934272883924,257.76627354375995,22.5776627354376,0.25776627354375997,86.94395487609157,0
16,127,485.73714878326194,312.6248147720001,23.126248147720002,0.3126248147720001,97.08205739959051,1
16,128,637.9653150079399,472.9515442566969,24.72951544256697,0.4729515442566969,89.56512559742455,1
16,129,577.3829848669016,336.81820697476826,23.368182069747682,0.3368182069747683,99.42313545376236,1
16,130,623.5384610377314,399.5440526580987,23.995440526580985,0.39954405265809867,91.80894952588682,1
16,131,567.8345866931927,328.23936679513946,23.282393667951396,0.3282393667951395,82.62141531010717,1
16,132,401.09747826928276,305.57904564657093,23.055790456465708,0.30557904564657096,70.30295030878223,1
16,133,502.67761895605315,367.04853473326165,23.670485347332615,0.36704853473326166,74.40938447528644,1
16,134,479.1090933693568,281.1770970262943,22.81177097026294,0.2811770970262943,95.66220177243136,0
16,135,492.37984878469274,368.2891912392886,23.682891912392886,0.3682891912392886,85.02618295542788,1
16,136,395.64735618596166,246.70778450851137,22.467077845085115,0.24670778450851136,81.1633203389562,0
16,137,455.68356562677405,282.98375270774665,22.829837527077466,0.28298375270774667,93.06190271991726,0
16,138,386.0154593033037,200.02667856508958,22.000266785650897,0.20002667856508957,87.58801322517641,0
16,139,885.8044681151655,572.0604187159857,25.720604187159857,0.5720604187159858,86.32862996351793,1
16,140,730.7062218587729,549.2289189931547,25.492289189931547,0.5492289189931547,70.877440869289,1
16,141,735.7017327982086,428.32090597319404,24.28320905973194,0.42832090597319405,79.60809191889882,1
16,142,744.0378868347402,568.0706149123179,25.68070614912318,0.5680706149123179,97.47336762103701,1
16,143,778.1282553977361,482.02994704191957,24.820299470419194,0.4820299470419196,85.21554679756503,1
16,144,423.7476028053195,239.97978453379218,22.399797845337922,0.23997978453379218,97.6170356097472,0
16,145,483.59377329823917,300.7012365378374,23.007012365378372,0.3007012365378374,84.01065274628667,1
16,146,450.3164519097807,287.26162270448305,22.87261622704483,0.287261622704483,93.13518353064498,0
16,147,419.02879491660246,230.7371502954061,22.307371502954062,0.23073715029540612,77.84106682972272,0
16,148,448.9471290337051,235.43602776429395,22.35436027764294,0.23543602776429395,83.73037737725174,0
16,149,413.0774373391457,207.47996535585912,22.074799653558593,0.2074799653558591,77.33801819786423,0
16,150,387.63656637634296,208.8731878669682,22.088731878669684,0.2088731878669682,97.41941488470988,0
16,151,402.56027498977437,254.644059790233,22.54644059790233,0.254644059790233,97.20071953859116,0
16,152,614.6555211606874,460.91559390980217,24.609155939098024,0.4609155939098022,72.55935672199328,1
16,153,573.1357788261438,354.6886292003952,23.546886292003954,0.35468862920039523,91.43666548509292,1
16,154,619.5538737171837,353.36860043309423,23.533686004330942,0.3533686004330942,75.20985548308549,1
16,155,630.2071704962202,388.5876341617948,23.885876341617948,0.3885876341617948,87.56479855027348,1
16,156,407.1306606854375,278.85777553465886,22.788577755346587,0.27885777553465885,76.58137740495602,0
16,157,447.7432098389404,244.63637777186693,22.44636377771867,0.24463637777186692,70.40941225132453,0
16,158,379.29037892254667,301.16641004423883,23.01166410044239,0.30116641004423883,71.8347593468111,1
16,159,399.8337866445752,299.07404667659614,22.990740466765963,0.29907404667659615,92.75386014960634,0
16,160,397.9981927361362,300.5725689365252,23.005725689365253,0.30057256893652523,85.2045907653554,1
16,161,457.19304695906834,274.5422596205198,22.7454225962052,0.2745422596205198,81.19022868439417,0
16,162,419.3924990254053,219.03582635480035,22.190358263548003,0.21903582635480034,80.06580191105046,0
16,163,925.488323323309,707.3209281911488,27.07320928191149,0.7073209281911488,87.23615727611985,1
16,164,753.854106722773,475.9485639714473,24.759485639714473,0.4759485639714473,71.27689035048576,1
16,165,772.7369285885125,386.36941817912725,23.863694181791274,0.38636941817912723,92.63162832919535,1
16,166,730.5393493160404,382.3299399676407,23.823299399676408,0.3823299399676407,84.63152209796175,1
16,167,709.457455996991,547.7326325371541,25.477326325371543,0.5477326325371541,97.56326463914424,1
17,0,378.90746364893874,202.29995981352735,22.02299959813527,0.20229995981352736,85.75739900797778,0
17,1,332.70408577264703,177.28648069773595,21.77286480697736,0.17728648069773595,98.5524004743934,0
17,2,434.9255536522822,251.2066981224039,22.512066981224038,0.2512066981224039,71.33958176746162,0
17,3,423.7373193567249,268.64857983019164,22.686485798301916,0.26864857983019164,93.67697039675595,0
17,4,346.79770659096476,254.03640812414082,22.540364081241407,0.2540364081241408,79.20678274749143,0
17,5,331.39495811173475,255.42056138692314,22.554205613869232,0.25542056138692315,90.69554530612163,0
17,6,372.34650816740236,241.17576478819618,22.411757647881963,0.2411757647881962,96.17286372876944,0
17,7,364.6063431187212,260.00740705729316,22.60007407057293,0.26000740705729314,87.92765760671658,0
17,8,498.480546585583,318.01540518853307,23.18015405188533,0.31801540518853305,80.3122991465978,1
17,9,503.5458668817862,399.9267509470666,23.999267509470666,0.3999267509470666,92.57278357203391,1
17,10,512.7056050811279,305.82014942379885,23.058201494237988,0.30582014942379887,72.26815252602856,1
17,11,548.6275313947352,338.51843679973683,23.38518436799737,0.3385184367997368,75.46149044292028,1
17,12,424.6824495351902,336.2352882884394,23.362352882884394,0.3362352882884394,72.2569826838698,1
17,13,379.96757538783754,222.481126733147,22.224811267331468,0.222481126733147,83.48194121092129,0
17,14,374.22742796357534,268.847454301445,22.68847454301445,0.268847454301445,79.69267142158068,0
17,15,435.5677497889765,325.3333144999607,23.25333314499961,0.32533331449996067,84.8554692087111,1
17,16,396.1910097283527,225.8151035176093,22.25815103517609,0.22581510351760928,89.2323737562567,0
17,17,431.74818776060283,278.11002353136695,22.78110023531367,0.27811002353136693,73.85351968194671,0
17,18,357.4014570820069,194.24242169156904,21.94242421691569,0.19424242169156902,88.964431052377,0
17,19,767.7541230034819,607.0507816576255,26.070507816576256,0.6070507816576255,73.1283511014434,1
17,20,710.0058062806766,499.99904853632233,24.999990485363224,0.4999990485363223,73.56826344759988,1
17,21,635.4429595545402,455.9495965232348,24.559495965232347,0.4559495965232348,75.26785157976852,1
17,22,806.8563691260563,609.3094439595156,26.093094439595156,0.6093094439595157,84.54658935691849,1
17,23,792.8529178166474,485.5514123672699,24.855514123672698,0.4855514123672699,81.40922844126486,1
17,24,369.0524161630839,255.91130225751655,22.559113022575165,0.25591130225751657,76.2628379094425,0
17,25,332.95659473015024,227.9152235762365,22.279152235762364,0.2279152235762365,75.55546095418659,0
17,26,396.2004578694725,250.1857881769248,22.501857881769247,0.25018578817692483,79.10869980241449,0
17,27,437.0880609134223,263.3435293146116,22.633435293146114,0.2633435293146116,74.53227413062852,0
17,28,403.4067704651238,239.13545107501716,22.391354510750173,0.23913545107501716,72.88833573927795,0
17,29,432.41516311236904,340.16458819387236,23.401645881938723,0.34016458819387235,94.67165941561788,1
17,30,356.2288469473152,270.1641265192118,22.701641265192116,0.2701641265192118,81.27800376029603,0
17,31,386.20868750268903,226.64865427663787,22.26648654276638,0.22664865427663788,89.11130667753821,0
17,32,508.4357172246268,348.4949239666348,23.48494923966635,0.34849492396663484,71.51536653401855,1
17,33,518.5035242253525,339.4613116958593,23.394613116958592,0.3394613116958593,70.32457662044398,1
17,34,528.7916695034488,336.3783148319531,23.36378314831953,0.33637831483195313,83.90444124484274,1
17,35,491.7640376015497,293.89605996814447,22.938960599681444,0.2938960599681445,85.9068735642871,0
17,36,390.8352696302945,249.48722601495592,22.49487226014956,0.24948722601495593,92.75429190175164,0
17,37,424.42538982509467,213.86186742137332,22.13861867421373,0.2138618674213733,77.21634351449576,0
17,38,403.20046706436926,260.1602116489678,22.60160211648968,0.2601602116489678,70.11237447727513,0
17,39,388.2129418870169,274.75023982733643,22.747502398273365,0.27475023982733643,95.10484092093017,0
17,40,386.82701633354753,228.88366788158459,22.288836678815848,0.2288836678815846,76.67953866801467,0
17,41,330.1983265565035,204.80679951428772,22.048067995142876,0.2048067995142877,77.76998937445784,0
17,42,427.8699641468225,326.5069394989154,23.265069394989155,0.3265069394989154,99.93560983772576,1
17,43,748.7609857413667,485.817634379584,24.85817634379584,0.485817634379584,76.27709498024116,1
17,44,781.3437686897826,622.263770567866,26.22263770567866,0.622263770567866,88.10044326618674,1
17,45,648.2870424559516,504.73720206651933,25.047372020665193,0.5047372020665193,72.09282449029968,1
17,46,746.6356240332814,443.6024009883781,24.43602400988378,0.4436024009883781,96.18637475784898,1
17,47,657.8834568995957,394.06892027237456,23.940689202723746,0.39406892027237456,92.06656413911588,1
17,48,402.07243072045975,267.23572507865856,22.672357250786586,0.26723572507865856,95.89303197234504,0
17,49,403.6521681796209,271.3961023329377,22.713961023329375,0.2713961023329377,85.22318818144737,0
17,50,405.2490791221415,311.1048995534535,23.111048995534535,0.3111048995534535,96.91521723359504,1
17,51,378.5087633198125,256.73514114082394,22.56735141140824,0.25673514114082396,93.68932676955053,0
17,52,366.2875792623642,201.39710841485973,22.013971084148597,0.20139710841485972,82.22289690756936,0
17,53,410.3987312357097,261.82331631649254,22.618233163164923,0.2618233163164925,71.10519122078942,0
17,54,414.6170262349231,274.0668759368182,22.740668759368184,0.27406687593681817,81.01204893479051,0
17,55,412.77313359788354,256.3843697334044,22.563843697334043,0.2563843697334044,85.30250204144522,0
17,56,545.8201719592931,369.2570557363553,23.692570557363553,0.3692570557363553,70.79441290091616,1
17,57,564.7015054906533,397.6281703161629,23.97628170316163,0.3976281703161629,88.99049029586023,1
17,58,532.1134272099582,296.9419152153236,22.969419152153236,0.2969419152153236,80.16578015006135,0
17,59,525.596679418969,309.64172442029854,23.096417244202986,0.3096417244202985,89.38694215805575,1
17,60,351.4168406278136,245.86544879820863,22.458654487982088,0.24586544879820862,81.31264677428818,0
17,61,395.6414341990617,287.5442479657337,22.875442479657337,0.2875442479657337,91.58302813064444,0
17,62,376.44343122014345,211.91231993540404,22.11912319935404,0.21191231993540405,82.92836154439735,0
17,63,392.07481072031254,254.43011637359058,22.544301163735906,0.2544301163735906,78.41094275391023,0
17,64,393.32843064241183,300.03048303783464,23.000304830378347,0.30003048303783464,72.1141006551973,1
17,65,377.1583651487887,249.1932387877869,22.491932387877867,0.2491932387877869,80.26668534099865,0
17,66,338.34762590512,252.12529008232144,22.521252900823214,0.25212529008232143,99.83812925347678,0
17,67,754.2623348812898,503.8059032561432,25.03805903256143,0.5038059032561432,71.21835009515264,1
17,68,798.3897015610823,446.40064842199297,24.46400648421993,0.44640064842199295,89.67047569640587,1
17,69,729.6641553330859,541.3657570092239,25.41365757009224,0.5413657570092238,84.58667537524514,1
17,70,687.8053075325579,362.5294792501741,23.62529479250174,0.36252947925017415,72.39040248699962,1
17,71,775.0680245612771,426.61035715302364,24.266103571530238,0.42661035715302364,98.09517654511977,1
17,72,433.02469985381646,289.8566074893002,22.898566074893,0.2898566074893002,72.57444031548614,0
17,73,379.928818978114,210.081575435767,22.10081575435767,0.210081575435767,93.72573863937826,0
17,74,415.82653976598675,318.0978868244526,23.180978868244527,0.3180978868244526,98.86858548853117,1
17,75,382.9416868520635,247.58605176857768,22.475860517685778,0.24758605176857768,91.72770354154396,0
17,76,440.0773786581182,339.0566797858729,23.390566797858728,0.3390566797858729,86.97455352704414,1
17,77,347.0739562184024,192.7140683073607,21.927140683073606,0.19271406830736068,85.8864785059135,0
17,78,358.2698194023275,270.40132216117433,22.704013221611742,0.27040132216117435,94.60835354986749,0
17,79,357.8278047052528,225.53851335099378,22.25538513350994,0.22553851335099379,92.79455463991576,0
17,80,506.4013706948545,318.2124012886372,23.182124012886373,0.3182124012886372,99.08391527913545,1
17,81,562.8789819408801,371.7020595732647,23.71702059573265,0.3717020595732647,95.1563886701986,1
17,82,547.825812431282,371.9525137647409,23.71952513764741,0.3719525137647409,76.67693326295196,1
17,83,554.8427762867279,321.1101813139849,23.211101813139848,0.32111018131398494,74.31783859968468,1
17,84,406.5768823728088,322.1411244558449,23.22141124455845,0.32214112445584486,88.20231030822434,1
17,85,394.58702830675907,232.04928026996072,22.320492802699608,0.23204928026996072,79.2501316304794,0
17,86,377.3427996513226,268.6160751106915,22.686160751106915,0.2686160751106915,75.41501224252268,0
17,87,381.0061572549101,215.96516230128574,22.159651623012856,0.21596516230128573,90.36578992494876,0
17,88,441.0172534134331,256.20815755770644,22.562081575577064,0.25620815755770643,93.04723986356015,0
17,89,410.9556055824744,273.0401656689977,22.730401656689978,0.2730401656689977,88.45971556595694,0
17,90,329.87238585874354,227.2463064477026,22.272463064477027,0.2272463064477026,88.33248382838741,0
17,91,716.1154066773964,494.6823904374092,24.946823904374092,0.4946823904374092,78.94521408130502,1
17,92,691.8899236207731,459.358312404251,24.59358312404251,0.459358312404251,84.9299399107465,1
17,93,653.800116162695,467.3528843216131,24.673528843216133,0.4673528843216131,94.70283142966076,1
17,94,757.4055434102554,509.25067078614495,25.09250670786145,0.5092506707861449,73.44873174552954,1
17,95,692.5929345759338,467.02394087001267,24.670239408700127,0.46702394087001264,73.769532040498,1
17,96,413.88795284779303,249.68468233397476,22.496846823339748,0.24968468233397476,85.82919354673754,0
17,97,343.55374009363976,233.85064035349444,22.338506403534943,0.23385064035349445,96.05108275059402,0
17,98,418.39506117680804,255.66250655651402,22.55662506556514,0.255662506556514,71.67732707113836,0
17,99,423.2829792767106,314.62857748629614,23.14628577486296,0.31462857748629613,98.39483614021985,1
17,100,355.3682747718456,209.80169338265088,22.098016933826507,0.2098016933826509,92.22550747635565,0
17,101,384.1585695590912,205.19328042206936,22.051932804220694,0.20519328042206936,83.04908312787299,0
17,102,438.61148664929556,329.49670790842003,23.294967079084202,0.32949670790842006,79.30403565745979,1
17,103,364.34527433296427,235.0674801099302,22.350674801099302,0.2350674801099302,88.79622818509097,0
17,104,571.2709842271091,296.38480979652036,22.963848097965204,0.2963848097965204,84.67481141234258,0
17,105,530.262402582408,419.04031854187656,24.190403185418766,0.41904031854187657,72.54504556755445,1
17,106,538.0956122583942,315.3540588655055,23.153540588655055,0.31535405886550555,75.67470276385822,1
17,107,491.85740799678035,344.4182310608546,23.444182310608547,0.3444182310608546,81.44313175238159,1
17,108,373.0911426043201,295.6666591135053,22.956666591135054,0.2956666591135053,96.4804208951888,0
17,109,408.37794540490165,268.21273595481836,22.682127359548183,0.26821273595481837,97.1626319292758,0
17,110,430.76281638375696,225.05134122437414,22.25051341224374,0.22505134122437415,92.57951032977408,0
17,111,402.62939835608364,273.01757175100187,22.73017571751002,0.2730175717510019,81.07657601746799,0
17,112,446.97383788761476,262.33984037116346,22.623398403711633,0.2623398403711635,86.29096159114697,0
17,113,423.7731616687531,325.85803174886775,23.25858031748868,0.32585803174886774,91.23470857764937,1
17,114,379.28140656935295,256.3091568653948,22.56309156865395,0.2563091568653948,85.98423943389056,0
17,115,708.601201096071,517.1169263885768,25.171169263885766,0.5171169263885768,99.62557661595922,1
17,116,677.7660750613403,382.303320704587,23.82303320704587,0.382303320704587,92.25044937208206,1
17,117,650.0630561079948,369.2987038206126,23.692987038206127,0.36929870382061264,92.28141383385497,1
17,118,781.2541530708003,544.5947055426859,25.44594705542686,0.544594705542686,94.04055658730647,1
17,119,669.0255140351845,491.0848054329087,24.910848054329087,0.4910848054329087,75.14385724680767,1
17,120,394.1831138431614,234.98995796897364,22.349899579689737,0.23498995796897365,91.65135712440969,0
17,121,433.3939669929734,224.80002765868093,22.248000276586808,0.22480002765868093,82.74375732692975,0
17,122,387.50521509760654,305.2518774659311,23.052518774659312,0.3052518774659311,77.12810734898918,1
17,123,393.04124062196365,203.73939173615466,22.03739391736155,0.20373939173615466,86.5355496627972,0
17,124,358.1986671455175,274.8215417209206,22.748215417209206,0.2748215417209206,73.00003123003017,0
17,125,427.4974261007654,284.5793330038851,22.845793330038852,0.2845793330038851,79.65954176533303,0
17,126,330.6310078509102,203.85465006710356,22.038546500671035,0.20385465006710357,84.23940979537316,0
17,127,417.6646347718249,261.0876951321933,22.610876951321934,0.26108769513219326,79.75200953102464,0
17,128,503.9639067423606,308.0877886290501,23.0808778862905,0.3080877886290501,98.43454822984344,1
17,129,566.033536692801,410.5303699553754,24.105303699553755,0.4105303699553754,97.54483649587472,1
17,130,567.8169556054078,329.67886596074857,23.296788659607486,0.3296788659607486,95.3902402995088,1
17,131,544.2654154547114,307.6984051474245,23.076984051474245,0.3076984051474245,71.70488947635697,1
17,132,444.78574269577956,283.6509409058009,22.83650940905801,0.2836509409058009,95.23041238486707,0
17,133,425.14871074216546,267.5938625376812,22.675938625376812,0.2675938625376812,70.48191968801929,0
17,134,381.4926454390063,192.84147195568872,21.928414719556887,0.1928414719556887,72.97851685785012,0
17,135,342.661879827989,247.88992776992922,22.47889927769929,0.2478899277699292,87.69526921553613,0
17,136,393.4882951722695,306.8245771442032,23.068245771442033,0.3068245771442032,82.74117837994245,1
17,137,443.6147455442578,251.5178503548444,22.515178503548444,0.2515178503548444,83.3228831608599,0
17,138,410.3267598432431,260.60029598666677,22.606002959866668,0.2606002959866668,74.8463463057962,0
17,139,768.4586682571324,402.8275405954045,24.028275405954044,0.4028275405954045,86.76312096902706,1
17,140,770.9569849909127,607.5404688738764,26.075404688738764,0.6075404688738765,89.34553112368972,1
17,141,741.9652882342124,379.0401325801949,23.790401325801948,0.37904013258019487,89.23159540206002,1
17,142,680.5822430731405,385.64095242040014,23.856409524204,0.38564095242040014,88.27796833737331,1
17,143,765.6606584155365,540.3902637069673,25.403902637069674,0.5403902637069673,80.98715560550339,1
17,144,356.96792809825075,240.1753330589029,22.40175333058903,0.2401753330589029,96.92392089129386,0
17,145,389.0424111712244,237.6866022489952,22.376866022489953,0.2376866022489952,82.68033151306383,0
17,146,370.55865513354064,252.8350877477252,22.52835087747725,0.2528350877477252,81.78342002229118,0
17,147,373.667628851073,225.00151028259276,22.250015102825927,0.22500151028259277,91.84444234600898,0
17,148,387.9206575210189,294.5634171735247,22.945634171735247,0.29456341717352474,84.83171340516287,0
17,149,425.2293284632947,339.5348290984958,23.39534829098496,0.33953482909849575,99.80120650066998,1
17,150,419.86382048826346,224.02765019732658,22.240276501973266,0.22402765019732657,90.29744410306104,0
17,151,407.0170664348844,294.3420978544781,22.94342097854478,0.29434209785447807,83.99235449826514,0
17,152,521.5513884289227,291.8414918185869,22.918414918185867,0.29184149181858693,98.1136172948715,0
17,153,572.2832704005154,428.03483595073436,24.280348359507343,0.4280348359507344,73.6928407732486,1
17,154,539.3699925798854,368.3119914656917,23.683119914656917,0.36831199146569166,91.06793652632038,1
17,155,552.966989098028,383.2494054502283,23.832494054502284,0.38324940545022834,92.39429494514121,1
17,156,378.6830711200653,249.59018399622533,22.495901839962254,0.24959018399622535,90.38934210118897,0
17,157,420.66908750075237,231.69490869923757,22.316949086992377,0.23169490869923756,75.57776491053798,0
17,158,374.2151344064875,208.67161754831784,22.08671617548318,0.20867161754831784,71.44748166600426,0
17,159,353.8524266718916,215.9742525641779,22.15974252564178,0.2159742525641779,86.20462570017453,0
17,160,445.9269254816513,238.54556400386943,22.385455640038693,0.23854556400386942,73.41593468684032,0
17,161,436.3817180888395,231.67277573050356,22.316727757305035,0.23167277573050357,88.12125117389257,0
17,162,434.91589570270907,305.74753314767474,23.05747533147675,0.3057475331476747,70.81859036894967,1
17,163,683.9133964477131,469.1276061394576,24.691276061394575,0.4691276061394576,79.62862778620078,1
17,164,799.1775127483231,553.4184090101057,25.534184090101057,0.5534184090101057,91.70910772049155,1
17,165,799.303239951588,417.40790082254455,24.174079008225444,0.41740790082254453,91.45104527636408,1
17,166,712.3454268186165,482.8634521566879,24.82863452156688,0.4828634521566879,98.77301119165263,1
17,167,707.97803341136,473.4338911337393,24.734338911337392,0.4734338911337393,91.62543687523595,1
18,0,322.26748140015746,226.97400362224278,22.269740036222426,0.22697400362224276,81.79586064232087,0
18,1,307.3338013804826,219.43177436987062,22.194317743698704,0.21943177436987063,93.98798796830795,0
18,2,330.8968277008692,220.40910582067582,22.204091058206757,0.22040910582067583,92.43162859074725,0
18,3,302.00744361646235,155.55699172606592,21.55556991726066,0.1555569917260659,89.16798898368125,0
18,4,354.4565021877767,209.68045089990164,22.096804508999018,0.20968045089990164,89.11564433065888,0
18,5,310.3381057472359,228.95721692228622,22.28957216922286,0.2289572169222862,77.85084868427984,0
18,6,339.45238279487313,172.50891458278318,21.72508914582783,0.17250891458278317,91.72063235720331,0
18,7,297.2403626885582,230.83136734972067,22.308313673497207,0.23083136734972068,88.71043994257828,0
18,8,449.99826300312475,270.1048085836474,22.701048085836476,0.27010480858364744,89.55080399943881,0
18,9,435.7615595130449,278.06318476101666,22.780631847610167,0.27806318476101666,90.77513560823834,0
18,10,445.6208287288562,264.32250773746176,22.643225077374616,0.26432250773746174,72.86847993897754,0
18,11,425.3727059604979,259.0775514953069,22.59077551495307,0.2590775514953069,78.01293876510512,0
18,12,311.1297963792009,229.7656105565573,22.297656105565572,0.2297656105565573,71.86880542097897,0
18,13,309.0976634545557,221.79817623595542,22.217981762359553,0.22179817623595544,76.2880625196128,0
18,14,346.5657219718407,253.22537818604476,22.532253781860447,0.2532253781860448,74.23147526031745,0
18,15,341.22184755140927,191.05807252363027,21.910580725236304,0.19105807252363027,82.1646098905723,0
18,16,279.22955045363875,181.94037493562107,21.819403749356212,0.18194037493562107,70.15317178535402,0
18,17,296.0888767407104,220.70132275275506,22.20701322752755,0.22070132275275506,80.48171471577056,0
18,18,296.86100210559425,189.37823751703746,21.893782375170375,0.18937823751703747,86.94205835716991,0
18,19,614.752000829411,307.5313923938378,23.075313923938378,0.3075313923938378,99.81459558092506,1
18,20,600.484009212006,307.0410075437046,23.070410075437046,0.3070410075437046,98.44485083853705,1
18,21,559.0033758234503,407.12509040582836,24.07125090405828,0.40712509040582834,72.53229745702112,1
18,22,596.0248902979847,349.8610420632011,23.498610420632012,0.3498610420632011,82.14002731420582,1
18,23,648.3324943393238,386.15344264511134,23.861534426451115,0.38615344264511137,93.61515128577366,1
18,24,303.3826380480862,214.86909031110304,22.14869090311103,0.21486909031110304,89.68296102822437,0
18,25,322.6574345599109,237.41141859929542,22.374114185992955,0.2374114185992954,70.22911038938648,0
18,26,293.5156926651051,200.19764001305066,22.001976400130506,0.20019764001305065,91.47779692522408,0
18,27,362.25452857051994,245.56182236215795,22.455618223621578,0.24556182236215796,79.64300373744038,0
18,28,330.9373692669303,210.65988575463712,22.10659885754637,0.21065988575463712,89.507515645012,0
18,29,299.3793518556735,196.89815939641625,21.968981593964163,0.19689815939641625,86.06274923882978,0
18,30,297.25563146287857,188.3644502215931,21.88364450221593,0.1883644502215931,80.1132636465554,0
18,31,270.37098975960146,177.12289610498658,21.771228961049864,0.17712289610498658,76.2542914634817,0
18,32,442.6464362336665,292.9290534985234,22.929290534985235,0.2929290534985234,86.58123805939313,0
18,33,436.6443123340421,331.65855374501405,23.31658553745014,0.3316585537450141,97.68894191872253,1
18,34,455.8141824112727,357.66264442917355,23.576626444291737,0.35766264442917356,88.7430724064774,1
18,35,449.2421608925674,260.94893758831836,22.609489375883182,0.2609489375883184,71.00004790761166,0
18,36,317.76998363666667,189.9926531788177,21.89992653178818,0.1899926531788177,96.77182677069695,0
18,37,273.82446683773867,202.61128185226994,22.026112818522698,0.20261128185226995,93.53516538622453,0
18,38,286.352382400751,214.56413959854407,22.14564139598544,0.21456413959854406,78.1059533308638,0
18,39,338.6143395180266,169.72085997771612,21.697208599777163,0.1697208599777161,84.98015180949845,0
18,40,320.20071301080463,232.86831093896063,22.32868310938961,0.23286831093896063,90.48232906773153,0
18,41,319.53552638513577,233.94011614997348,22.339401161499737,0.23394011614997348,90.09600448069303,0
18,42,363.3422102576809,275.49011897330035,22.754901189733005,0.27549011897330034,86.12188339662484,0
18,43,607.1592538837967,381.18028761775435,23.811802876177545,0.38118028761775435,98.6967819451525,1
18,44,520.2839780820567,276.13245720697955,22.761324572069796,0.27613245720697954,96.73399213653364,0
18,45,588.1004797485924,340.10072706563443,23.401007270656343,0.34010072706563443,77.92154180792375,1
18,46,605.3188418710336,304.2420151961974,23.042420151961974,0.3042420151961974,83.67978918962983,1
18,47,524.564676930554,394.2875170114077,23.94287517011408,0.39428751701140774,89.12729388620598,1
18,48,350.01183197592195,196.76439466659514,21.96764394666595,0.19676439466659515,97.23992464261224,0
18,49,297.94087654336033,153.51419727669574,21.535141972766958,0.15351419727669574,88.88791891750115,0
18,50,361.85929147535114,265.8052471107866,22.658052471107865,0.26580524711078657,90.32236606921212,0
18,51,288.04943453870834,170.39080099096114,21.70390800990961,0.17039080099096113,91.68985400670482,0
18,52,363.80134594924544,280.8245305132634,22.808245305132633,0.28082453051326345,82.95218735568842,0
18,53,283.80193359915177,183.11020096832692,21.83110200968327,0.18311020096832692,73.47721214023723,0
18,54,319.24153402934706,192.41826874457206,21.92418268744572,0.19241826874457207,79.7149045169763,0
18,55,344.5954432250121,216.23126460434028,22.162312646043404,0.21623126460434028,95.02296872777377,0
18,56,428.36297053525516,238.40199857701552,22.384019985770156,0.23840199857701552,87.81589108632677,0
18,57,409.79012306189526,248.8308684692538,22.488308684692537,0.2488308684692538,76.89467531416936,0
18,58,411.3782310242475,320.78088233268613,23.20780882332686,0.32078088233268615,77.26557798963458,1
18,59,461.28025636420267,269.60420842539907,22.69604208425399,0.26960420842539906,74.7845969954011,0
18,60,309.6311089402617,224.6483726741152,22.246483726741154,0.2246483726741152,94.3554755271386,0
18,61,320.5493680140212,204.43591285522874,22.044359128552287,0.20443591285522875,91.4286246205815,0
18,62,286.5011705127199,198.268023575976,21.98268023575976,0.198268023575976,86.53124854219463,0
18,63,322.73541915927035,187.12949291832845,21.871294929183286,0.18712949291832845,80.02993016620596,0
18,64,321.6224208486654,232.93656890843374,22.329365689084337,0.23293656890843376,86.8753218251035,0
18,65,267.31679846626776,208.25446723491982,22.082544672349197,0.2082544672349198,76.15088551447239,0
18,66,288.341727237473,169.1752964889592,21.69175296488959,0.16917529648895918,84.1270546258509,0
18,67,568.7371450761991,400.1246936128826,24.001246936128826,0.4001246936128826,90.16381462974597,1
18,68,620.0958893702131,406.0787497417598,24.0607874974176,0.4060787497417598,76.84152149169326,1
18,69,566.2516115586136,300.4464601461431,23.004464601461432,0.3004464601461431,80.80699265510945,1
18,70,527.6941069528422,273.0108017165936,22.730108017165936,0.27301080171659364,75.21715091320544,0
18,71,513.4923927009866,263.80444922208005,22.6380444922208,0.2638044492220801,91.92633279775285,0
18,72,335.4276313465381,204.11611727024288,22.04116117270243,0.20411611727024287,91.35559946959089,0
18,73,336.70496276006423,222.18436238336875,22.22184362383369,0.22218436238336875,94.28799416785294,0
18,74,290.37709848685364,148.49547814710928,21.484954781471092,0.14849547814710928,94.45553770335626,0
18,75,309.3503824753791,246.85738370090934,22.468573837009092,0.24685738370090934,70.27213368881044,0
18,76,336.48751416900046,239.67357067479236,22.396735706747926,0.23967357067479236,70.901231127075,0
18,77,352.68050660716113,275.85505023325015,22.7585505023325,0.27585505023325013,89.11961048543027,0
18,78,346.4082289878176,230.27863247702348,22.302786324770235,0.2302786324770235,81.06776499423009,0
18,79,281.76585650201594,219.50781650940107,22.19507816509401,0.21950781650940107,83.59585278998848,0
18,80,454.36711526360403,356.4070208452465,23.564070208452463,0.3564070208452465,80.33004629273215,1
18,81,447.0752841054065,279.6743309251421,22.796743309251422,0.2796743309251421,73.34973170379716,0
18,82,434.9293294700648,336.22956506029806,23.36229565060298,0.33622956506029805,73.22903504847454,1
18,83,458.9055402321941,252.80328968506993,22.5280328968507,0.25280328968506993,98.61406680045724,0
18,84,359.15977489177914,247.18736749458677,22.47187367494587,0.24718736749458678,82.63715945882481,0
18,85,337.6408733752028,242.92142882861944,22.429214288286193,0.24292142882861945,81.7670996827632,0
18,86,296.56377935306807,161.0010860752137,21.610010860752137,0.16100108607521368,85.43016398541862,0
18,87,339.36663650155566,215.23803098898767,22.152380309889878,0.21523803098898767,88.35805234321869,0
18,88,292.6298088847848,168.7877710723643,21.687877710723644,0.1687877710723643,99.06940425337325,0
18,89,342.931208395509,192.0988518853747,21.920988518853747,0.1920988518853747,99.05641177862935,0
18,90,313.1813036195005,196.85520210635747,21.968552021063573,0.19685520210635746,80.10806720656447,0
18,91,652.3868628118248,479.0170023930365,24.790170023930365,0.47901700239303646,78.50612513207169,1
18,92,574.7735073459015,377.7765814568417,23.77776581456842,0.37777658145684173,78.10904512377469,1
18,93,643.3706364474192,373.1080900258752,23.731080900258753,0.3731080900258752,83.6690322557449,1
18,94,614.6220721302116,462.9747504254394,24.629747504254393,0.46297475042543945,93.86765661688547,1
18,95,517.8096054782098,299.66393372068984,22.996639337206897,0.29966393372068983,76.58385041526427,0
18,96,306.32512797935834,235.25073573762396,22.35250735737624,0.23525073573762395,96.91677255420545,0
18,97,314.6068902762934,171.6625176373316,21.716625176373316,0.1716625176373316,81.61218296895332,0
18,98,270.50303217567694,209.78135843191123,22.097813584319113,0.20978135843191123,88.83863416312285,0
18,99,265.6273721985878,195.53178527891131,21.955317852789115,0.19553178527891132,77.32092289704426,0
18,100,328.77370602792536,192.24465489311757,21.922446548931177,0.19224465489311757,85.58742657686925,0
18,101,268.24406784956216,139.3644892636596,21.393644892636598,0.1393644892636596,93.81734209515929,0
18,102,296.3568372582575,196.569967996522,21.96569967996522,0.196569967996522,76.90125491100558,0
18,103,273.4883072457497,203.0433156062034,22.030433156062035,0.2030433156062034,77.46403528520707,0
18,104,416.3643601341255,312.42682865566326,23.12426828655663,0.31242682865566324,75.70590245011564,1
18,105,431.66599007454505,222.06874813178317,22.22068748131783,0.22206874813178318,99.94043641108277,0
18,106,410.42994856185925,259.2010368340688,22.592010368340688,0.2592010368340688,81.23281405992947,0
18,107,397.3529163239891,284.5076413592946,22.845076413592945,0.2845076413592946,92.61047753495312,0
18,108,353.25886158949316,232.79883344361048,22.327988334436107,0.23279883344361046,78.3296212471854,0
18,109,315.2673062991193,219.80917806324433,22.198091780632442,0.21980917806324432,87.21811621863566,0
18,110,313.50880409035966,198.700158433534,21.98700158433534,0.198700158433534,74.26963399169775,0
18,111,266.23046304917983,205.82014108382256,22.058201410838226,0.20582014108382257,84.91307791665763,0
18,112,327.8510065609006,257.7820941333277,22.57782094133328,0.2577820941333277,99.12421743880788,0
18,113,363.94917847880055,270.05533942843937,22.700553394284395,0.27005533942843934,85.2807312406905,0
18,114,322.2251235858127,209.76857547548758,22.097685754754878,0.20976857547548758,98.21670701210296,0
18,115,500.28363151477305,366.4154617088937,23.664154617088936,0.3664154617088937,77.2413558698635,1
18,116,661.022749659626,359.372952665913,23.59372952665913,0.35937295266591296,81.46365329007119,1
18,117,593.1411921278036,452.5472027239784,24.525472027239783,0.4525472027239784,96.00226506934898,1
18,118,565.5665623561871,302.8674305471307,23.028674305471306,0.3028674305471307,81.11566110259014,1
18,119,593.6673805463355,404.5164995065944,24.045164995065946,0.4045164995065944,80.15917316240628,1
18,120,284.07906961118556,167.38201106056493,21.67382011060565,0.16738201106056494,71.8453231065503,0
18,121,322.480075334495,250.60603345864834,22.506060334586483,0.25060603345864835,99.0198555020318,0
18,122,325.1419708517064,193.99840496143025,21.939984049614303,0.19399840496143025,90.21540025081518,0
18,123,356.2279876344383,203.6579979917448,22.036579979917448,0.2036579979917448,72.52612000564439,0
18,124,362.78745444186086,263.5548264131705,22.635548264131707,0.26355482641317046,75.52348818794584,0
18,125,330.01440231284806,176.97097090758066,21.769709709075805,0.17697097090758065,91.03456331870501,0
18,126,324.528551919316,232.2660887181675,22.322660887181677,0.2322660887181675,97.29354258566818,0
18,127,307.3934861674099,230.15278726696545,22.301527872669656,0.23015278726696545,86.85825415646126,0
18,128,419.43756940253263,266.12689784844616,22.66126897848446,0.2661268978484462,71.71392718591773,0
18,129,456.0530608932992,267.78382757379416,22.67783827573794,0.26778382757379415,79.19052426645806,0
18,130,431.98313110596166,234.1764687447165,22.341764687447164,0.23417646874471648,73.19708436996832,0
18,131,439.93123921876037,305.54023792565096,23.05540237925651,0.30554023792565094,87.01661369969013,1
18,132,330.1508697387552,257.62707432660596,22.576270743266058,0.257627074326606,91.96519773634134,0
18,133,294.60599768383076,167.07370688438735,21.670737068843874,0.16707370688438736,97.82042256594796,0
18,134,305.7007222304002,184.42306137655902,21.84423061376559,0.184423061376559,76.79411928836544,0
18,135,340.9215177622299,268.63619431626046,22.686361943162606,0.26863619431626046,98.13653472652176,0
18,136,309.4915229283557,155.99651650641476,21.55996516506415,0.15599651650641477,88.07557533873089,0
18,137,325.5429363912373,171.75533886817746,21.717553388681775,0.17175533886817745,93.54654760779927,0
18,138,362.74897436130755,228.7580795893144,22.287580795893145,0.2287580795893144,86.48556983510235,0
18,139,550.5704458685786,367.6990223846177,23.676990223846175,0.3676990223846177,80.88585918217889,1
18,140,584.171144637959,414.08345223124167,24.140834522312417,0.41408345223124166,87.13774002435004,1
18,141,514.8939160684428,274.61058458112456,22.746105845811247,0.27461058458112453,84.99362823209474,0
18,142,562.4513531344842,362.0614414558353,23.620614414558354,0.3620614414558353,73.31533323523509,1
18,143,524.2766471010619,264.73556963497936,22.647355696349795,0.26473556963497935,72.94509386790577,0
18,144,321.9988082619611,246.38916423493026,22.463891642349303,0.24638916423493026,88.16104545501058,0
18,145,362.2063841394676,201.3620861867861,22.01362086186786,0.20136208618678608,72.6556658076813,0
18,146,279.96165026355266,152.15291489384214,21.52152914893842,0.15215291489384214,80.92080331599517,0
18,147,279.7120707397668,221.51306791414652,22.215130679141467,0.22151306791414652,91.04164067128617,0
18,148,282.40528987013937,182.01632337396654,21.820163233739667,0.18201632337396653,97.90302419127944,0
18,149,284.2524420397111,185.2523914282727,21.852523914282727,0.18525239142827268,76.45856797375265,0
18,150,298.7562842278231,228.1206455836189,22.28120645583619,0.22812064558361891,82.18757296507164,0
18,151,353.6198760787069,247.33661359694187,22.473366135969417,0.24733661359694187,77.8817955024803,0
18,152,420.9502749409383,283.2686261557238,22.83268626155724,0.2832686261557238,96.32231951771665,0
18,153,437.61861196844893,287.3853583285242,22.873853583285243,0.2873853583285242,84.2061260399866,0
18,154,409.88243030611903,241.27701032698593,22.41277010326986,0.24127701032698592,77.39234689310916,0
18,155,450.09244988479077,301.92636849766706,23.01926368497667,0.3019263684976671,79.08703767642861,1
18,156,310.5923800788584,200.50039408450294,22.00500394084503,0.20050039408450293,98.40559768967577,0
18,157,291.77304847346863,178.94451106847464,21.789445110684746,0.17894451106847464,91.59476787153216,0
18,158,354.893587674628,233.94744861084135,22.339474486108415,0.23394744861084135,91.33543901430293,0
18,159,271.5625483300439,183.69323945757378,21.836932394575737,0.1836932394575738,93.23545277626766,0
18,160,279.3221362332342,207.0435679067407,22.07043567906741,0.2070435679067407,73.56661743362473,0
18,161,349.53939421459313,204.78399274747565,22.047839927474755,0.20478399274747566,75.20329920835937,0
18,162,317.5201480647973,239.6396968034268,22.396396968034267,0.2396396968034268,86.70287959981967,0
18,163,624.2156013648865,412.3522009340706,24.123522009340707,0.4123522009340706,70.4897611804931,1
18,164,568.6620223147385,320.4480896669523,23.204480896669523,0.32044808966695226,70.52647583036332,1
18,165,616.220679887256,308.92057100881505,23.08920571008815,0.30892057100881504,92.19343238139474,1
18,166,570.5893503472663,312.5708629668098,23.125708629668097,0.3125708629668098,74.49328277563168,1
18,167,601.8093044906065,460.2808720918646,24.602808720918645,0.4602808720918646,70.85511844627743,1
19,0,477.3022947399618,285.52159795287594,22.855215979528758,0.28552159795287596,87.53866405024202,0
19,1,481.8376923230721,296.937156435877,22.96937156435877,0.296937156435877,98.34442242819965,0
19,2,398.684799781956,295.05035962804556,22.950503596280456,0.29505035962804554,87.77180267235596,0
19,3,515.9353877766795,392.3840374978457,23.923840374978457,0.39238403749784573,99.06068719083633,1
19,4,458.69435261064825,249.5488868292842,22.495488868292842,0.24954888682928422,96.53348326670245,0
19,5,403.69322657343594,228.97171007889898,22.28971710078899,0.228971710078899,71.76688677529697,0
19,6,480.697879777531,294.28588398429025,22.942858839842902,0.29428588398429023,93.16622514570831,0
19,7,516.6433869432915,322.03622324245003,23.2203622324245,0.32203622324245,92.2980107040697,1
19,8,643.7859871981447,477.6098421479406,24.776098421479407,0.47760984214794056,98.92684529684531,1
19,9,606.9363494668804,327.4640059173164,23.274640059173166,0.3274640059173164,99.5695205170414,1
19,10,610.7743152297998,364.02388000899526,23.640238800089953,0.36402388000899527,90.25649933797823,1
19,11,626.4675524447676,340.5237537527349,23.40523753752735,0.34052375375273486,80.29518029166246,1
19,12,384.50348818761796,258.5474757329598,22.5854747573296,0.25854747573295983,99.41448041184086,0
19,13,421.17891126222423,323.13553405178953,23.231355340517894,0.3231355340517895,82.56262958735434,1
19,14,425.90128907267956,298.8706450999748,22.98870645099975,0.2988706450999748,84.44486817818701,0
19,15,435.0631209349152,320.7478786735889,23.20747878673589,0.3207478786735889,72.06485707830882,1
19,16,461.47527529246867,341.63616056038904,23.41636160560389,0.34163616056038904,87.05405175839488,1
19,17,478.7000185576872,300.81849479123036,23.008184947912305,0.30081849479123035,76.99821126683099,1
19,18,468.21305812689286,241.00737239836297,22.41007372398363,0.24100737239836298,82.01180155330123,0
19,19,888.312016190514,585.0833888557952,25.85083388855795,0.5850833888557951,91.47281308645292,1
19,20,938.5501912328386,615.1815949287101,26.1518159492871,0.61518159492871,78.86154743182982,1
19,21,743.8414779356341,570.9204772475792,25.709204772475793,0.5709204772475792,84.8720933111758,1
19,22,767.6389002769806,469.0694712063541,24.69069471206354,0.46906947120635406,81.64005005024573,1
19,23,765.6634711970491,481.9566923335552,24.81956692333555,0.4819566923335552,98.90698568993575,1
19,24,401.72488135468956,298.9298137952958,22.989298137952957,0.29892981379529576,99.6989255168377,0
19,25,413.7872940722859,266.0460320763964,22.660460320763963,0.2660460320763964,97.78330475274025,0
19,26,517.3244123088848,332.07221680759557,23.320722168075957,0.3320722168075956,88.76236677215827,1
19,27,431.64548149783275,277.05197849125,22.7705197849125,0.27705197849125,71.90356659233571,0
19,28,414.74422804380856,275.8931925134009,22.758931925134007,0.2758931925134009,85.02020974935552,0
19,29,402.7043521969836,274.71123979708415,22.74711239797084,0.2747112397970842,74.5511687729983,0
19,30,459.5681221772836,233.67803435564866,22.336780343556487,0.23367803435564866,88.3857693881876,0
19,31,446.73346183711186,324.41650176303745,23.244165017630372,0.32441650176303743,80.19968889248135,1
19,32,648.7965829568752,443.8762175151326,24.438762175151325,0.4438762175151326,83.25522862788708,1
19,33,570.869257794518,447.72637658574774,24.47726376585748,0.44772637658574777,74.3341271564485,1
19,34,569.3425769446399,449.66345355451966,24.496634535545198,0.44966345355451964,99.75362253235714,1
19,35,603.0593938825475,431.54691648053426,24.315469164805343,0.4315469164805343,99.15487181070647,1
19,36,467.4905246332882,240.55744704532233,22.405574470453224,0.24055744704532234,83.40607246995958,0
19,37,388.18956255184116,255.28637354037153,22.552863735403715,0.25528637354037154,93.39582625724847,0
19,38,422.53998000941164,286.62973922100264,22.866297392210026,0.28662973922100266,82.8585582808842,0
19,39,518.6827630203159,369.44730652834716,23.69447306528347,0.3694473065283472,98.61049030274933,1
19,40,512.9844746197911,300.4814219418339,23.00481421941834,0.3004814219418339,81.85642669084572,1
19,41,412.4622941771359,238.25451400523235,22.382545140052322,0.23825451400523234,94.44180021372324,0
19,42,385.3057981507371,274.369629038602,22.74369629038602,0.274369629038602,91.44037066677998,0
19,43,832.155178924016,639.0937228376571,26.390937228376572,0.6390937228376571,73.8431980661222,1
19,44,792.7197518756201,633.6206517770603,26.336206517770602,0.6336206517770603,73.38923630928296,1
19,45,945.3547137861763,670.6860465994707,26.70686046599471,0.6706860465994707,73.96921800966338,1
19,46,910.4294464497985,518.1565154437878,25.181565154437877,0.5181565154437878,86.22198753180638,1
19,47,789.1167919991505,438.3083156476364,24.383083156476363,0.4383083156476364,90.05112916419202,1
19,48,426.00047623073146,310.6048410595286,23.106048410595285,0.3106048410595286,73.88762526527117,1
19,49,421.18943506736355,301.25234839732605,23.01252348397326,0.30125234839732606,76.52523268202783,1
19,50,499.62863367019565,274.021932353539,22.740219323535392,0.274021932353539,82.74217793840991,0
19,51,423.58002529958645,217.21100880399086,22.172110088039908,0.21721100880399086,95.89748789657727,0
19,52,391.3239888089099,203.72648613754205,22.03726486137542,0.20372648613754205,74.31618149420822,0
19,53,517.8015788392837,393.37336978362794,23.93373369783628,0.3933733697836279,70.93080801111435,1
19,54,435.3212586585284,325.5609872514643,23.255609872514643,0.3255609872514643,73.15620620920565,1
19,55,394.72521645332,205.87240255657895,22.058724025565787,0.20587240255657896,98.22734035276235,0
19,56,657.9483653670677,386.8257597167867,23.86825759716787,0.38682575971678673,73.6736463216363,1
19,57,568.0199496770878,429.92903611742236,24.299290361174222,0.42992903611742234,85.3731541131079,1
19,58,573.0516014246634,334.19286564227343,23.341928656422734,0.3341928656422734,73.8079749254374,1
19,59,624.6993167613889,376.76214943491,23.7676214943491,0.37676214943491,97.51816711450827,1
19,60,444.8744574135418,232.3991798164292,22.323991798164293,0.2323991798164292,95.04916992353348,0
19,61,508.8202056107433,373.3990781189832,23.73399078118983,0.3733990781189832,94.50654464903572,1
19,62,436.1720184570958,315.5394144073906,23.155394144073906,0.3155394144073906,86.49258093361773,1
19,63,478.3561675803953,348.9125979133841,23.489125979133842,0.3489125979133841,91.24410917653934,1
19,64,467.3973831307193,273.23603199180957,22.732360319918094,0.27323603199180957,88.06170063607847,0
19,65,406.78486278221413,283.1635342470004,22.831635342470005,0.2831635342470004,70.77519835565919,0
19,66,482.894665534126,356.15103122289884,23.56151031222899,0.3561510312228988,92.97976603790599,1
19,67,929.1091002275524,566.3412123425774,25.663412123425772,0.5663412123425774,83.86473730755242,1
19,68,831.3002593112788,475.66476989885456,24.756647698988544,0.47566476989885453,73.03014222238062,1
19,69,923.9734843745721,528.0256365099408,25.280256365099408,0.5280256365099408,96.46698740160426,1
19,70,804.8773026666258,429.78674352726836,24.297867435272686,0.42978674352726837,96.28706495155832,1
19,71,825.3656915045852,655.024575489356,26.55024575489356,0.655024575489356,88.07392660215295,1
19,72,439.4453169029683,272.2302140264805,22.722302140264805,0.2722302140264805,97.53302018756578,0
19,73,473.95103195276715,315.3471553438511,23.15347155343851,0.3153471553438511,76.32352940105747,1
19,74,418.91965437682234,259.43760682160195,22.594376068216018,0.25943760682160194,75.86337982796955,0
19,75,406.6075193659348,240.41174356606197,22.40411743566062,0.24041174356606196,99.45611396218054,0
19,76,416.60989528531377,247.776164981029,22.47776164981029,0.247776164981029,80.29833261974,0
19,77,447.58975985382784,329.77290022372335,23.297729002237233,0.32977290022372335,98.56448396589076,1
19,78,412.88340982101727,282.27226413455895,22.82272264134559,0.28227226413455897,80.61357946089542,0
19,79,416.4453551612743,215.58603043142392,22.15586030431424,0.2155860304314239,97.13701685013555,0
19,80,656.6449338424999,450.95598650172934,24.509559865017295,0.45095598650172936,90.02651443029022,1
19,81,597.2647802681001,422.9055345871235,24.229055345871235,0.4229055345871235,79.52958500234107,1
19,82,589.3361094911841,354.44129602483497,23.54441296024835,0.354441296024835,85.73792686883266,1
19,83,642.2083397254858,351.892219499128,23.51892219499128,0.35189221949912797,85.41839127928158,1
19,84,446.3237472294725,260.23383919005954,22.602338391900595,0.26023383919005955,73.66131806788495,0
19,85,384.51071830666797,266.5626362299208,22.665626362299207,0.2665626362299208,78.72032397499827,0
19,86,439.32186798785307,325.24891304075675,23.252489130407568,0.32524891304075676,82.88727798603269,1
19,87,401.13311514457723,287.49128165448764,22.874912816544878,0.2874912816544876,71.85677747186017,0
19,88,406.3709121578312,273.68442433743104,22.73684424337431,0.27368442433743106,81.54339365967526,0
19,89,484.0757678976006,386.5339691785074,23.865339691785074,0.3865339691785074,90.96110023505159,1
19,90,497.96747389434785,252.35735163740907,22.523573516374093,0.2523573516374091,80.80339177410632,0
19,91,842.7118784607937,563.4157569303964,25.634157569303962,0.5634157569303964,98.83413654477097,1
19,92,876.2039994557914,694.539891890345,26.94539891890345,0.6945398918903449,94.92925231419514,1
19,93,916.8772292546058,662.152550859579,26.62152550859579,0.662152550859579,91.2740010835067,1
19,94,815.322952290545,571.1567475919081,25.711567475919082,0.5711567475919082,80.75569108846756,1
19,95,880.727174857327,537.1504152735312,25.371504152735312,0.5371504152735311,72.43618736924601,1
19,96,380.19506372878794,198.25944858647665,21.982594485864766,0.19825944858647665,76.7066974962422,0
19,97,456.7855890571229,321.44870553671205,23.214487055367123,0.32144870553671206,77.80847453440127,1
19,98,467.6987060621956,302.4152296769919,23.02415229676992,0.30241522967699186,90.9005403415303,1
19,99,513.7767493518007,406.55182825063747,24.065518282506375,0.40655182825063746,82.56541060581681,1
19,100,466.7020975408401,268.2523544426763,22.682523544426765,0.26825235444267626,80.41957978627542,0
19,101,419.4389909142076,322.5232358107282,23.22523235810728,0.32252323581072817,99.9135416810179,1
19,102,516.4879460457996,258.46717489093925,22.584671748909393,0.25846717489093923,88.62921234029926,0
19,103,457.0374977134077,349.05433114839013,23.4905433114839,0.34905433114839013,76.80501951364441,1
19,104,641.478687850793,418.68087819191527,24.186808781919154,0.4186808781919153,85.03042344468999,1
19,105,621.6870072121175,341.422406819998,23.414224068199978,0.341422406819998,71.88999168829211,1
19,106,657.3729375279224,397.17949867866656,23.971794986786666,0.3971794986786666,83.38921886027451,1
19,107,648.8855991100548,491.41766862358384,24.914176686235837,0.4914176686235838,96.83520325208093,1
19,108,434.63783937089045,301.16915927892717,23.011691592789273,0.3011691592789272,87.00503929286323,1
19,109,454.4309995800869,289.47129323021755,22.894712932302177,0.28947129323021753,94.91038153408208,0
19,110,413.66424816297786,298.17325828083193,22.98173258280832,0.2981732582808319,87.89989929284783,0
19,111,485.273173560005,278.29616726049693,22.78296167260497,0.27829616726049694,75.86286575289104,0
19,112,428.9517335969685,335.7193801444383,23.35719380144438,0.33571938014443825,96.19122644371669,1
19,113,508.43914750719586,402.38037459159085,24.02380374591591,0.4023803745915909,85.76637101951026,1
19,114,405.88927154224064,214.20980648621756,22.142098064862175,0.21420980648621757,89.3238939094332,0
19,115,912.2677283549599,580.0226697171377,25.800226697171375,0.5800226697171377,75.69247292648399,1
19,116,881.4664679593761,467.17389204492804,24.67173892044928,0.46717389204492804,71.73473644636424,1
19,117,887.2630026854105,681.5975478803518,26.81597547880352,0.6815975478803519,80.60651417819687,1
19,118,849.9066748828557,515.9269895258908,25.15926989525891,0.5159269895258908,73.59804004076697,1
19,119,897.7657711009969,677.0937681559582,26.77093768155958,0.6770937681559581,94.2146391123818,1
19,120,472.1326101190475,280.01448661529906,22.80014486615299,0.28001448661529904,95.15970377039427,0
19,121,391.38322656380893,264.04785485412435,22.640478548541243,0.26404785485412435,79.17669107982783,0
19,122,403.493146868765,258.6718249536366,22.586718249536368,0.2586718249536366,81.41491231614344,0
19,123,491.5074140758497,307.8873375626794,23.078873375626795,0.30788733756267944,82.33214141748356,1
19,124,513.4137006495102,312.85794878155855,23.128579487815585,0.31285794878155854,70.77199209108005,1
19,125,418.89824405252983,308.9540971270438,23.089540971270438,0.3089540971270438,94.10594790498676,1
19,126,385.98505851261154,218.06143876602914,22.18061438766029,0.21806143876602915,90.40649155885744,0
19,127,417.46409791968546,330.2893162321784,23.302893162321784,0.3302893162321784,75.29551536389917,1
19,128,594.5227919964204,406.92860182979643,24.069286018297966,0.40692860182979645,80.23348006252235,1
19,129,569.9528148593259,415.46373776041355,24.154637377604136,0.41546373776041357,95.02965358740937,1
19,130,643.3062309710157,418.1750329247385,24.181750329247386,0.4181750329247385,83.84471707945191,1
19,131,635.4201893292352,477.92707261412016,24.779270726141203,0.47792707261412015,78.3518627919174,1
19,132,407.2512657445363,287.37606947235577,22.873760694723558,0.2873760694723558,93.21202709730478,0
19,133,489.76789690072366,358.05603393259014,23.580560339325903,0.3580560339325901,78.45366627580971,1
19,134,510.65708853334115,333.8900899980429,23.33890089998043,0.3338900899980429,79.01483760011384,1
19,135,400.5924186809183,254.21729052401653,22.542172905240164,0.25421729052401654,70.9303296282744,0
19,136,417.28727195949295,274.6942486248397,22.746942486248397,0.2746942486248397,72.34738187873387,0
19,137,414.3270718841013,266.1465536743477,22.661465536743478,0.2661465536743477,70.38306369732888,0
19,138,507.68556975828193,372.40693821338726,23.724069382133873,0.3724069382133873,73.81888746187299,1
19,139,717.8986413750911,366.717723954849,23.66717723954849,0.36671772395484903,96.2772626992907,1
19,140,793.160266654108,488.58751412572724,24.885875141257273,0.48858751412572726,76.53077737503642,1
19,141,940.4808185036931,666.9402412612678,26.669402412612676,0.6669402412612678,72.7199311107096,1
19,142,774.6559108517577,521.7610329622837,25.217610329622836,0.5217610329622837,87.09779650755567,1
19,143,789.0814417750386,461.5311566199184,24.615311566199185,0.4615311566199184,88.97634129772926,1
19,144,506.88228012628394,356.21715203442,23.5621715203442,0.35621715203442,87.28912357786062,1
19,145,421.62939637142307,303.4221889992672,23.034221889992672,0.30342218899926715,94.091468974332,1
19,146,486.59911162389386,361.1618524300667,23.611618524300667,0.3611618524300667,72.38773655940967,1
19,147,425.5616904526998,333.48706553339554,23.334870655333955,0.3334870655333955,93.22495613271198,1
19,148,461.0124766780711,323.9222450983047,23.239222450983046,0.3239222450983047,72.78205455563368,1
19,149,405.15352421103705,229.61920639882536,22.296192063988254,0.22961920639882535,93.39306088191307,0
19,150,429.49034769938976,256.44376614147757,22.564437661414775,0.25644376614147757,85.80602210272119,0
19,151,433.67361659103113,293.88258162661975,22.938825816266196,0.29388258162661973,75.63181179601837,0
19,152,625.9080024070497,434.77140175073947,24.347714017507393,0.4347714017507395,87.40755069600024,1
19,153,573.0177086767004,426.0961197379494,24.260961197379494,0.42609611973794936,80.47015978061908,1
19,154,645.0579887588417,342.7630724656181,23.427630724656183,0.3427630724656181,72.41966287375548,1
19,155,595.6390765017422,428.8350527792951,24.28835052779295,0.4288350527792951,84.04510797437052,1
19,156,421.2049718200173,257.8380756465671,22.57838075646567,0.25783807564656713,73.09316050421833,0
19,157,504.4530818427361,378.81136249472047,23.788113624947204,0.37881136249472047,89.36629524043919,1
19,158,495.2883241470577,329.4972398185262,23.294972398185262,0.32949723981852624,86.23809318810032,1
19,159,492.1408056284301,306.87488956809835,23.068748895680983,0.30687488956809833,98.44508209307473,1
19,160,474.60907688724916,369.93338098795425,23.69933380987954,0.36993338098795425,87.43594799409873,1
19,161,470.23179746505025,235.8280813405274,22.358280813405273,0.2358280813405274,83.25849026754402,0
19,162,384.4848113611954,296.0779673979485,22.960779673979484,0.2960779673979485,94.91565805688803,0
19,163,736.6467093901907,371.795305933461,23.71795305933461,0.371795305933461,88.46098042863174,1
19,164,880.8604946431019,596.9744891152675,25.969744891152676,0.5969744891152675,75.63678603453064,1
19,165,862.5236234964233,580.0850017507738,25.800850017507738,0.5800850017507738,71.7909681089382,1
19,166,943.2355765241435,504.2551871176791,25.04255187117679,0.5042551871176791,93.65331594042433,1
19,167,804.3994584102302,559.6289098277023,25.596289098277023,0.5596289098277023,94.03040702508875,1
